part,archive_path,source_container,source_member,size_bytes,sha256,role
01,GAL1897_POST_P13_GPT_CRITICAL_EDITION_21_TASKS_R2/component_archives/GAL1897_CUMULATIVE_P00-P13R_REPAIRED_CANDIDATE_AND_REAUDIT_EXPANDED/component_archives/GAL1897_CUMULATIVE_P00-P13R_REPAIRED_CANDIDATE.zip,GAL1897_CUMULATIVE_P00-P13R_REPAIRED_CANDIDATE_AND_REAUDIT.zip,component_archives/GAL1897_CUMULATIVE_P00-P13R_REPAIRED_CANDIDATE.zip,195472443,4909FB4852F2178C583CCD425451E8BD5C7B02BD2346807F79F617BB3F2E645F,expanded_nested_repaired_handoff
01,GAL1897_POST_P13_GPT_CRITICAL_EDITION_21_TASKS_R2/component_archives/GAL1897_CUMULATIVE_P00-P13R_REPAIRED_CANDIDATE_AND_REAUDIT_EXPANDED/component_archives/GAL1897_CUMULATIVE_P00-P13R_REPAIRED_CANDIDATE.zip.sha256,GAL1897_CUMULATIVE_P00-P13R_REPAIRED_CANDIDATE_AND_REAUDIT.zip,component_archives/GAL1897_CUMULATIVE_P00-P13R_REPAIRED_CANDIDATE.zip.sha256,117,EB21C5E0DA79255566B101C258474EFBE0FD233FDCD0C7F37FE75DB72A2B7ECC,expanded_nested_repaired_handoff
02,GAL1897_POST_P13_GPT_CRITICAL_EDITION_21_TASKS_R2/BLOCKERS.md,GAL1897_GPT_CRITICAL_EDITION_R2_FULL.zip,GAL1897_POST_P13_GPT_CRITICAL_EDITION_21_TASKS_R2/BLOCKERS.md,183,C5E6D0E789716EE0ED1C14C924058685F7BE7A2A22265D62426167A1896B0598,outer_r2_payload
02,GAL1897_POST_P13_GPT_CRITICAL_EDITION_21_TASKS_R2/COMPONENT_ARCHIVE_REGISTER.csv,GAL1897_GPT_CRITICAL_EDITION_R2_FULL.zip,GAL1897_POST_P13_GPT_CRITICAL_EDITION_21_TASKS_R2/COMPONENT_ARCHIVE_REGISTER.csv,337,2F5107E797D0C625F56EAC417D708A70A0E224A2E68E731CE9763D67F1F1E7EF,outer_r2_payload
02,GAL1897_POST_P13_GPT_CRITICAL_EDITION_21_TASKS_R2/OUTPUT_SET_FINGERPRINT.txt,GAL1897_GPT_CRITICAL_EDITION_R2_FULL.zip,GAL1897_POST_P13_GPT_CRITICAL_EDITION_21_TASKS_R2/OUTPUT_SET_FINGERPRINT.txt,65,15544BD834B68B53643A59F3FBFA5F32AEA8422019D098B51F5A6367884BD406,outer_r2_payload
02,GAL1897_POST_P13_GPT_CRITICAL_EDITION_21_TASKS_R2/OUTPUT_SHA256.txt,GAL1897_GPT_CRITICAL_EDITION_R2_FULL.zip,GAL1897_POST_P13_GPT_CRITICAL_EDITION_21_TASKS_R2/OUTPUT_SHA256.txt,16348,62C1549071F9AE3DC06C2227D1E138332462FE4A6A627FBA1E0B1D1FCB094A9F,outer_r2_payload
02,GAL1897_POST_P13_GPT_CRITICAL_EDITION_21_TASKS_R2/PACKAGE_MANIFEST.csv,GAL1897_GPT_CRITICAL_EDITION_R2_FULL.zip,GAL1897_POST_P13_GPT_CRITICAL_EDITION_21_TASKS_R2/PACKAGE_MANIFEST.csv,20208,D383554B49A0FAF445ABA276EDD7D07C4743E556F5D78A5D562AB6E1B61164B9,outer_r2_payload
02,GAL1897_POST_P13_GPT_CRITICAL_EDITION_21_TASKS_R2/PACKAGE_RECEIPT.json,GAL1897_GPT_CRITICAL_EDITION_R2_FULL.zip,GAL1897_POST_P13_GPT_CRITICAL_EDITION_21_TASKS_R2/PACKAGE_RECEIPT.json,2360,3B572E08E24D44EFE016F33F6630979E9F631BD7A71E2F60CF031B1B6D84845E,outer_r2_payload
02,GAL1897_POST_P13_GPT_CRITICAL_EDITION_21_TASKS_R2/README.md,GAL1897_GPT_CRITICAL_EDITION_R2_FULL.zip,GAL1897_POST_P13_GPT_CRITICAL_EDITION_21_TASKS_R2/README.md,2933,7D29B174E30344530E1E0F758C480FE0CA747F600A4970B6482A72488F62161E,outer_r2_payload
02,GAL1897_POST_P13_GPT_CRITICAL_EDITION_21_TASKS_R2/RETURN_TO_CODEX.md,GAL1897_GPT_CRITICAL_EDITION_R2_FULL.zip,GAL1897_POST_P13_GPT_CRITICAL_EDITION_21_TASKS_R2/RETURN_TO_CODEX.md,5269,B3385F1DFE2F111F982F6B55EC73DB0179DC67CFE27F62AA39B2573113D7622A,outer_r2_payload
02,GAL1897_POST_P13_GPT_CRITICAL_EDITION_21_TASKS_R2/build/BUILD_INSTRUCTIONS.md,GAL1897_GPT_CRITICAL_EDITION_R2_FULL.zip,GAL1897_POST_P13_GPT_CRITICAL_EDITION_21_TASKS_R2/build/BUILD_INSTRUCTIONS.md,895,5FEAEA87352C777A87F5B0F01ECA7379FC3EDCCAD955D835B87B30C27171C734,outer_r2_payload
02,GAL1897_POST_P13_GPT_CRITICAL_EDITION_21_TASKS_R2/build/build_critical.sh,GAL1897_GPT_CRITICAL_EDITION_R2_FULL.zip,GAL1897_POST_P13_GPT_CRITICAL_EDITION_21_TASKS_R2/build/build_critical.sh,1582,435723E30FCB834023BE3950FF88267E60CBA292A925EA167B1E52DC952AE7F5,outer_r2_payload
02,GAL1897_POST_P13_GPT_CRITICAL_EDITION_21_TASKS_R2/build/merge_reader.py,GAL1897_GPT_CRITICAL_EDITION_R2_FULL.zip,GAL1897_POST_P13_GPT_CRITICAL_EDITION_21_TASKS_R2/build/merge_reader.py,1008,4FE9082B98B50B6C35808B8634DC67BC79B431B7A8538193C8EAEACEAA2558EA,outer_r2_payload
02,GAL1897_POST_P13_GPT_CRITICAL_EDITION_21_TASKS_R2/certificates/POST-P13-A001.md,GAL1897_GPT_CRITICAL_EDITION_R2_FULL.zip,GAL1897_POST_P13_GPT_CRITICAL_EDITION_21_TASKS_R2/certificates/POST-P13-A001.md,1774,A0AAB7AEF0C4C9F970C452E25B78C94B0F847F9A37B92263BA423282AF6A09ED,outer_r2_payload
02,GAL1897_POST_P13_GPT_CRITICAL_EDITION_21_TASKS_R2/certificates/POST-P13-A002.md,GAL1897_GPT_CRITICAL_EDITION_R2_FULL.zip,GAL1897_POST_P13_GPT_CRITICAL_EDITION_21_TASKS_R2/certificates/POST-P13-A002.md,1327,C0032821FA65FC6EDD669C62B1C2E225E8639E6F21163BACD283E67B57C841E7,outer_r2_payload
02,GAL1897_POST_P13_GPT_CRITICAL_EDITION_21_TASKS_R2/certificates/POST-P13-A003.md,GAL1897_GPT_CRITICAL_EDITION_R2_FULL.zip,GAL1897_POST_P13_GPT_CRITICAL_EDITION_21_TASKS_R2/certificates/POST-P13-A003.md,1446,9F6E0712A97303EC2918AB3ECE1974A61A286F9B922ED1B39F3CDAA789DC3B1B,outer_r2_payload
02,GAL1897_POST_P13_GPT_CRITICAL_EDITION_21_TASKS_R2/certificates/POST-P13-A004.md,GAL1897_GPT_CRITICAL_EDITION_R2_FULL.zip,GAL1897_POST_P13_GPT_CRITICAL_EDITION_21_TASKS_R2/certificates/POST-P13-A004.md,1000,6E260FF831EAA44CB03090AA4E5589B612D05698F884F68B8237B4368C352FFB,outer_r2_payload
02,GAL1897_POST_P13_GPT_CRITICAL_EDITION_21_TASKS_R2/certificates/POST-P13-A005.md,GAL1897_GPT_CRITICAL_EDITION_R2_FULL.zip,GAL1897_POST_P13_GPT_CRITICAL_EDITION_21_TASKS_R2/certificates/POST-P13-A005.md,1540,50C6C8E661AD503CC69B6ECB4D901879CF2ACC745DA3571B3B95EB5687D4B265,outer_r2_payload
02,GAL1897_POST_P13_GPT_CRITICAL_EDITION_21_TASKS_R2/certificates/POST-P13-A006.md,GAL1897_GPT_CRITICAL_EDITION_R2_FULL.zip,GAL1897_POST_P13_GPT_CRITICAL_EDITION_21_TASKS_R2/certificates/POST-P13-A006.md,939,62D87E9529164070DEA329B9127CF8D67337A13A5F0AD85F6827EA71708BDB93,outer_r2_payload
02,GAL1897_POST_P13_GPT_CRITICAL_EDITION_21_TASKS_R2/certificates/POST-P13-A007.md,GAL1897_GPT_CRITICAL_EDITION_R2_FULL.zip,GAL1897_POST_P13_GPT_CRITICAL_EDITION_21_TASKS_R2/certificates/POST-P13-A007.md,946,32DF9EF1CCDDE1E5914D43AEBFB1907B03FC36C8AACE7ECA5618D2C31BAA3877,outer_r2_payload
02,GAL1897_POST_P13_GPT_CRITICAL_EDITION_21_TASKS_R2/certificates/POST-P13-A008.md,GAL1897_GPT_CRITICAL_EDITION_R2_FULL.zip,GAL1897_POST_P13_GPT_CRITICAL_EDITION_21_TASKS_R2/certificates/POST-P13-A008.md,3524,6C054798D3A0D8E9436E067A81A6756E873AAB7DA7AB61F9477E40D18259B4EF,outer_r2_payload
02,GAL1897_POST_P13_GPT_CRITICAL_EDITION_21_TASKS_R2/certificates/POST-P13-A009.md,GAL1897_GPT_CRITICAL_EDITION_R2_FULL.zip,GAL1897_POST_P13_GPT_CRITICAL_EDITION_21_TASKS_R2/certificates/POST-P13-A009.md,930,23FF2144A24C30FC5FF40367F538FBE3318A6D4C7F3F0AA2EC4DF9D1C90E45A8,outer_r2_payload
02,GAL1897_POST_P13_GPT_CRITICAL_EDITION_21_TASKS_R2/certificates/POST-P13-A010.md,GAL1897_GPT_CRITICAL_EDITION_R2_FULL.zip,GAL1897_POST_P13_GPT_CRITICAL_EDITION_21_TASKS_R2/certificates/POST-P13-A010.md,1069,B41F20596906819885C71AE2AEFE312A8FA066881A5A7D08BE5BD748ED9D01AD,outer_r2_payload
02,GAL1897_POST_P13_GPT_CRITICAL_EDITION_21_TASKS_R2/certificates/POST-P13-A011.md,GAL1897_GPT_CRITICAL_EDITION_R2_FULL.zip,GAL1897_POST_P13_GPT_CRITICAL_EDITION_21_TASKS_R2/certificates/POST-P13-A011.md,1134,F530547951E037232BDFE72EEC3F58D48F7EF7AF116B02059FE6F821DD49AEBD,outer_r2_payload
02,GAL1897_POST_P13_GPT_CRITICAL_EDITION_21_TASKS_R2/certificates/POST-P13-A012.md,GAL1897_GPT_CRITICAL_EDITION_R2_FULL.zip,GAL1897_POST_P13_GPT_CRITICAL_EDITION_21_TASKS_R2/certificates/POST-P13-A012.md,846,CD29E01BFAAD734412AFC9FCE06AF86C6BF158EDC56FF7E230BC662720F232A5,outer_r2_payload
02,GAL1897_POST_P13_GPT_CRITICAL_EDITION_21_TASKS_R2/certificates/POST-P13-A013.md,GAL1897_GPT_CRITICAL_EDITION_R2_FULL.zip,GAL1897_POST_P13_GPT_CRITICAL_EDITION_21_TASKS_R2/certificates/POST-P13-A013.md,1306,E817FB0FF91CF4A6DD8FB49FE3025BA5D0D39EF42A2D03486D5A2806BD1D91FC,outer_r2_payload
02,GAL1897_POST_P13_GPT_CRITICAL_EDITION_21_TASKS_R2/certificates/POST-P13-A014.md,GAL1897_GPT_CRITICAL_EDITION_R2_FULL.zip,GAL1897_POST_P13_GPT_CRITICAL_EDITION_21_TASKS_R2/certificates/POST-P13-A014.md,1441,F347AC053A7F3D772C727E5E92C0786110C025CDD3DEE6D739CFA35EAB72B4F6,outer_r2_payload
02,GAL1897_POST_P13_GPT_CRITICAL_EDITION_21_TASKS_R2/certificates/W10-DA001.md,GAL1897_GPT_CRITICAL_EDITION_R2_FULL.zip,GAL1897_POST_P13_GPT_CRITICAL_EDITION_21_TASKS_R2/certificates/W10-DA001.md,1089,E19C1333F5A3F387D42ECA692452D650A1EB4D72FF0FC9AA22552BE5DC22475A,outer_r2_payload
02,GAL1897_POST_P13_GPT_CRITICAL_EDITION_21_TASKS_R2/certificates/W10-DA002.md,GAL1897_GPT_CRITICAL_EDITION_R2_FULL.zip,GAL1897_POST_P13_GPT_CRITICAL_EDITION_21_TASKS_R2/certificates/W10-DA002.md,898,07CA0BE9653F766969C888873C1071C462567AE28C5A0FA3172A11C9B0178A6A,outer_r2_payload
02,GAL1897_POST_P13_GPT_CRITICAL_EDITION_21_TASKS_R2/certificates/W10-DA003.md,GAL1897_GPT_CRITICAL_EDITION_R2_FULL.zip,GAL1897_POST_P13_GPT_CRITICAL_EDITION_21_TASKS_R2/certificates/W10-DA003.md,1562,CBD40C509C82A543024138E2F5BAF1B292FC61B074ACFC716AFB16ACE3EC3669,outer_r2_payload
02,GAL1897_POST_P13_GPT_CRITICAL_EDITION_21_TASKS_R2/certificates/W10-DA004.md,GAL1897_GPT_CRITICAL_EDITION_R2_FULL.zip,GAL1897_POST_P13_GPT_CRITICAL_EDITION_21_TASKS_R2/certificates/W10-DA004.md,996,CD0ED8DDB2D6B3DB711C5A1718984F3C9E406030FAC1B75550F1CD4510BB243D,outer_r2_payload
02,GAL1897_POST_P13_GPT_CRITICAL_EDITION_21_TASKS_R2/certificates/W11-DA001.md,GAL1897_GPT_CRITICAL_EDITION_R2_FULL.zip,GAL1897_POST_P13_GPT_CRITICAL_EDITION_21_TASKS_R2/certificates/W11-DA001.md,973,1251F244740A8CCECE086D8E17037BF4B5A2D8819EC046431B0467DF140B725A,outer_r2_payload
02,GAL1897_POST_P13_GPT_CRITICAL_EDITION_21_TASKS_R2/certificates/W11-DA002.md,GAL1897_GPT_CRITICAL_EDITION_R2_FULL.zip,GAL1897_POST_P13_GPT_CRITICAL_EDITION_21_TASKS_R2/certificates/W11-DA002.md,1618,682D76305DE72FE8783331517F6813FCB8B7830A8F0DC8125069B8E06F17A3C3,outer_r2_payload
02,GAL1897_POST_P13_GPT_CRITICAL_EDITION_21_TASKS_R2/certificates/W11-DA003.md,GAL1897_GPT_CRITICAL_EDITION_R2_FULL.zip,GAL1897_POST_P13_GPT_CRITICAL_EDITION_21_TASKS_R2/certificates/W11-DA003.md,854,8C4AFBD1D4F556409CB1F02CC087736248BA1544EF25E6F37DE62D439C320A58,outer_r2_payload
02,GAL1897_POST_P13_GPT_CRITICAL_EDITION_21_TASKS_R2/component_archives/GAL1897_CUMULATIVE_P00-P13R_REPAIRED_CANDIDATE_AND_REAUDIT.zip.sha256,GAL1897_GPT_CRITICAL_EDITION_R2_FULL.zip,GAL1897_POST_P13_GPT_CRITICAL_EDITION_21_TASKS_R2/component_archives/GAL1897_CUMULATIVE_P00-P13R_REPAIRED_CANDIDATE_AND_REAUDIT.zip.sha256,129,AD7B5FE999E92CD130663409B9C2E694F389A5B92C41FD5053D987A864514B1C,outer_r2_payload
02,GAL1897_POST_P13_GPT_CRITICAL_EDITION_21_TASKS_R2/component_archives/GAL1897_CUMULATIVE_P00-P13R_REPAIRED_CANDIDATE_AND_REAUDIT_EXPANDED/BLOCKERS.md,GAL1897_CUMULATIVE_P00-P13R_REPAIRED_CANDIDATE_AND_REAUDIT.zip,BLOCKERS.md,104,763B3E34B03179891B4AB2CF0F07F3DFAB6C9051B294ADD4DE8907D5953F53FB,expanded_nested_repaired_handoff
02,GAL1897_POST_P13_GPT_CRITICAL_EDITION_21_TASKS_R2/component_archives/GAL1897_CUMULATIVE_P00-P13R_REPAIRED_CANDIDATE_AND_REAUDIT_EXPANDED/COMPONENT_ARCHIVE_REGISTER.csv,GAL1897_CUMULATIVE_P00-P13R_REPAIRED_CANDIDATE_AND_REAUDIT.zip,COMPONENT_ARCHIVE_REGISTER.csv,533,D1CCADE553668D1D5F73C51760D834D9CA15CC6D496D262EA117204E2575BF89,expanded_nested_repaired_handoff
02,GAL1897_POST_P13_GPT_CRITICAL_EDITION_21_TASKS_R2/component_archives/GAL1897_CUMULATIVE_P00-P13R_REPAIRED_CANDIDATE_AND_REAUDIT_EXPANDED/OUTPUT_SHA256.txt,GAL1897_CUMULATIVE_P00-P13R_REPAIRED_CANDIDATE_AND_REAUDIT.zip,OUTPUT_SHA256.txt,2088,D7B80A178065196288630770231A8AB789D233E95CCC61174418C86F6DA3A1F3,expanded_nested_repaired_handoff
02,GAL1897_POST_P13_GPT_CRITICAL_EDITION_21_TASKS_R2/component_archives/GAL1897_CUMULATIVE_P00-P13R_REPAIRED_CANDIDATE_AND_REAUDIT_EXPANDED/PACKAGE_MANIFEST.csv,GAL1897_CUMULATIVE_P00-P13R_REPAIRED_CANDIDATE_AND_REAUDIT.zip,PACKAGE_MANIFEST.csv,2388,1017CF39ABBCC02B9F336040891391A526CC87545FDC94A4DB9F51B8A248E8CD,expanded_nested_repaired_handoff
02,GAL1897_POST_P13_GPT_CRITICAL_EDITION_21_TASKS_R2/component_archives/GAL1897_CUMULATIVE_P00-P13R_REPAIRED_CANDIDATE_AND_REAUDIT_EXPANDED/README.md,GAL1897_CUMULATIVE_P00-P13R_REPAIRED_CANDIDATE_AND_REAUDIT.zip,README.md,589,53947E5127F40BBB781F7E94CF0857A963874E9127AE526D91B1D3AF6741870C,expanded_nested_repaired_handoff
02,GAL1897_POST_P13_GPT_CRITICAL_EDITION_21_TASKS_R2/component_archives/GAL1897_CUMULATIVE_P00-P13R_REPAIRED_CANDIDATE_AND_REAUDIT_EXPANDED/RETURN_TO_CODEX.md,GAL1897_CUMULATIVE_P00-P13R_REPAIRED_CANDIDATE_AND_REAUDIT.zip,RETURN_TO_CODEX.md,528,7E6B3C57E6DFF5BA51E69ABED733D8744C33AC5879572818390485FF317EC9D9,expanded_nested_repaired_handoff
02,GAL1897_POST_P13_GPT_CRITICAL_EDITION_21_TASKS_R2/component_archives/GAL1897_CUMULATIVE_P00-P13R_REPAIRED_CANDIDATE_AND_REAUDIT_EXPANDED/component_archives/GAL1897_P13R_BLOCKER_REPAIR_COLD_REAUDIT.zip,GAL1897_CUMULATIVE_P00-P13R_REPAIRED_CANDIDATE_AND_REAUDIT.zip,component_archives/GAL1897_P13R_BLOCKER_REPAIR_COLD_REAUDIT.zip,9979770,0FC8F88EAD4D824BCF12168A504015D42BDB4BA15092B6C364B1AFF48328D9B9,expanded_nested_repaired_handoff
02,GAL1897_POST_P13_GPT_CRITICAL_EDITION_21_TASKS_R2/component_archives/GAL1897_CUMULATIVE_P00-P13R_REPAIRED_CANDIDATE_AND_REAUDIT_EXPANDED/component_archives/GAL1897_P13R_BLOCKER_REPAIR_COLD_REAUDIT.zip.sha256,GAL1897_CUMULATIVE_P00-P13R_REPAIRED_CANDIDATE_AND_REAUDIT.zip,component_archives/GAL1897_P13R_BLOCKER_REPAIR_COLD_REAUDIT.zip.sha256,111,0DC4EDB5E409046B610C44C95202560A123CF2552E59F3E056E1930D50CA7E1D,expanded_nested_repaired_handoff
02,GAL1897_POST_P13_GPT_CRITICAL_EDITION_21_TASKS_R2/component_archives/GAL1897_CUMULATIVE_P00-P13R_REPAIRED_CANDIDATE_AND_REAUDIT_EXPANDED/component_archives/GAL1897_W02_PDF024-029_INTRODUCTION_P13R.zip,GAL1897_CUMULATIVE_P00-P13R_REPAIRED_CANDIDATE_AND_REAUDIT.zip,component_archives/GAL1897_W02_PDF024-029_INTRODUCTION_P13R.zip,656302,1DEDE9681BF0C38177D6AE479C2613E3B305399F71F6DF5DDEAE9226801BC424,expanded_nested_repaired_handoff
02,GAL1897_POST_P13_GPT_CRITICAL_EDITION_21_TASKS_R2/component_archives/GAL1897_CUMULATIVE_P00-P13R_REPAIRED_CANDIDATE_AND_REAUDIT_EXPANDED/component_archives/GAL1897_W02_PDF024-029_INTRODUCTION_P13R.zip.sha256,GAL1897_CUMULATIVE_P00-P13R_REPAIRED_CANDIDATE_AND_REAUDIT.zip,component_archives/GAL1897_W02_PDF024-029_INTRODUCTION_P13R.zip.sha256,111,2BD597D495756D7E7E25FA3376CF71E02DBFD5B031DD6FC8A56A7B2D328416FF,expanded_nested_repaired_handoff
02,GAL1897_POST_P13_GPT_CRITICAL_EDITION_21_TASKS_R2/component_archives/GAL1897_CUMULATIVE_P00-P13R_REPAIRED_CANDIDATE_AND_REAUDIT_EXPANDED/key_files/AUDIT_CHECKS.json,GAL1897_CUMULATIVE_P00-P13R_REPAIRED_CANDIDATE_AND_REAUDIT.zip,key_files/AUDIT_CHECKS.json,17890,C71F789479AA3C0030F31C25ABBBBDCA525F173E8EC62E95F79DDB88EDD30EF5,expanded_nested_repaired_handoff
02,GAL1897_POST_P13_GPT_CRITICAL_EDITION_21_TASKS_R2/component_archives/GAL1897_CUMULATIVE_P00-P13R_REPAIRED_CANDIDATE_AND_REAUDIT_EXPANDED/key_files/COLD_REAUDIT_REPORT.md,GAL1897_CUMULATIVE_P00-P13R_REPAIRED_CANDIDATE_AND_REAUDIT.zip,key_files/COLD_REAUDIT_REPORT.md,1800,D45121F33D4520238314D9418014267FC26104F22EA98E2F39FCD816C16CC650,expanded_nested_repaired_handoff
02,GAL1897_POST_P13_GPT_CRITICAL_EDITION_21_TASKS_R2/component_archives/GAL1897_CUMULATIVE_P00-P13R_REPAIRED_CANDIDATE_AND_REAUDIT_EXPANDED/key_files/COLD_REAUDIT_RETURN_TO_CODEX.md,GAL1897_CUMULATIVE_P00-P13R_REPAIRED_CANDIDATE_AND_REAUDIT.zip,key_files/COLD_REAUDIT_RETURN_TO_CODEX.md,523,3636E9A161F19A5300CE3BC6AC891CB174765F430EB28EEB29CA6978EAF66113,expanded_nested_repaired_handoff
02,GAL1897_POST_P13_GPT_CRITICAL_EDITION_21_TASKS_R2/component_archives/GAL1897_CUMULATIVE_P00-P13R_REPAIRED_CANDIDATE_AND_REAUDIT_EXPANDED/key_files/DEFECT_CLOSURE.csv,GAL1897_CUMULATIVE_P00-P13R_REPAIRED_CANDIDATE_AND_REAUDIT.zip,key_files/DEFECT_CLOSURE.csv,596,551DDBC8DD3A2169F677E313097A1760294D9129F8B5B0DE1DA4A955FDACD4DF,expanded_nested_repaired_handoff
02,GAL1897_POST_P13_GPT_CRITICAL_EDITION_21_TASKS_R2/component_archives/GAL1897_CUMULATIVE_P00-P13R_REPAIRED_CANDIDATE_AND_REAUDIT_EXPANDED/key_files/GAL1897_1897_SOURCE_FAITHFUL_CANDIDATE_P13R_AUDIT_BUILD.pdf,GAL1897_CUMULATIVE_P00-P13R_REPAIRED_CANDIDATE_AND_REAUDIT.zip,key_files/GAL1897_1897_SOURCE_FAITHFUL_CANDIDATE_P13R_AUDIT_BUILD.pdf,3510046,8E6071A2E4A0D38CC89232553CE0CC0314C7EF4BD0A084240C41D60B0AEBBFC5,expanded_nested_repaired_handoff
02,GAL1897_POST_P13_GPT_CRITICAL_EDITION_21_TASKS_R2/component_archives/GAL1897_CUMULATIVE_P00-P13R_REPAIRED_CANDIDATE_AND_REAUDIT_EXPANDED/key_files/P13R_BLOCKER_REPAIR_REPORT.md,GAL1897_CUMULATIVE_P00-P13R_REPAIRED_CANDIDATE_AND_REAUDIT.zip,key_files/P13R_BLOCKER_REPAIR_REPORT.md,1793,6C2EE0BBB54C9A02400354FADF0DF07BC800DAE2B6A0315F599AAB3269D975D6,expanded_nested_repaired_handoff
02,GAL1897_POST_P13_GPT_CRITICAL_EDITION_21_TASKS_R2/component_archives/GAL1897_CUMULATIVE_P00-P13R_REPAIRED_CANDIDATE_AND_REAUDIT_EXPANDED/key_files/P13R_DEFECT_CLOSURE.csv,GAL1897_CUMULATIVE_P00-P13R_REPAIRED_CANDIDATE_AND_REAUDIT.zip,key_files/P13R_DEFECT_CLOSURE.csv,946,50815BD4226D18E636CC306A7BACD0A4BB61989A3E6FC32FFE1B179A59A03BF8,expanded_nested_repaired_handoff
02,GAL1897_POST_P13_GPT_CRITICAL_EDITION_21_TASKS_R2/component_archives/GAL1897_CUMULATIVE_P00-P13R_REPAIRED_CANDIDATE_AND_REAUDIT_EXPANDED/key_files/REPAIRED_CANDIDATE_RETURN_TO_CODEX.md,GAL1897_CUMULATIVE_P00-P13R_REPAIRED_CANDIDATE_AND_REAUDIT.zip,key_files/REPAIRED_CANDIDATE_RETURN_TO_CODEX.md,1018,16549057217DCAF46FD3E967F560D9F299AA54FD433758DAC2B94E0A6EE60AA8,expanded_nested_repaired_handoff
02,GAL1897_POST_P13_GPT_CRITICAL_EDITION_21_TASKS_R2/critical_edition/GAL1897_GPT_CRITICAL_EDITION.md,GAL1897_GPT_CRITICAL_EDITION_R2_FULL.zip,GAL1897_POST_P13_GPT_CRITICAL_EDITION_21_TASKS_R2/critical_edition/GAL1897_GPT_CRITICAL_EDITION.md,65822,F84E1C52236007938936B47DAD4A1033359CB9DF8630FDBAA1F25EC04B46933C,outer_r2_payload
02,GAL1897_POST_P13_GPT_CRITICAL_EDITION_21_TASKS_R2/critical_edition/GAL1897_GPT_CRITICAL_EDITION.pdf,GAL1897_GPT_CRITICAL_EDITION_R2_FULL.zip,GAL1897_POST_P13_GPT_CRITICAL_EDITION_21_TASKS_R2/critical_edition/GAL1897_GPT_CRITICAL_EDITION.pdf,734820,BC152B109F592C159FB5267C69D01AF82B0F8152B7315D88CCC343953CDCE34E,outer_r2_payload
02,GAL1897_POST_P13_GPT_CRITICAL_EDITION_21_TASKS_R2/critical_edition/GAL1897_GPT_CRITICAL_EDITION.tex,GAL1897_GPT_CRITICAL_EDITION_R2_FULL.zip,GAL1897_POST_P13_GPT_CRITICAL_EDITION_21_TASKS_R2/critical_edition/GAL1897_GPT_CRITICAL_EDITION.tex,78099,2471E12CB5550C5125BDD2126D7F862B08E9D97A53A3545E89FFC2961E15C00F,outer_r2_payload
02,GAL1897_POST_P13_GPT_CRITICAL_EDITION_21_TASKS_R2/critical_edition/GAL1897_ONE_CLICK_READER_DIPLOMATIC_PLUS_GPT_CRITICAL.pdf,GAL1897_GPT_CRITICAL_EDITION_R2_FULL.zip,GAL1897_POST_P13_GPT_CRITICAL_EDITION_21_TASKS_R2/critical_edition/GAL1897_ONE_CLICK_READER_DIPLOMATIC_PLUS_GPT_CRITICAL.pdf,4342113,38A474F0ED516EBCC5A797E0178D34E4BD3168131B6A14870DD0E50C3AB55112,outer_r2_payload
02,GAL1897_POST_P13_GPT_CRITICAL_EDITION_21_TASKS_R2/evidence/SOURCE_AUTHORITY_MANIFEST.csv,GAL1897_GPT_CRITICAL_EDITION_R2_FULL.zip,GAL1897_POST_P13_GPT_CRITICAL_EDITION_21_TASKS_R2/evidence/SOURCE_AUTHORITY_MANIFEST.csv,8016,B2175B374001355B5A4A682F13EA5B0DD4B6AE06FB2FF4C3B3B5208C422BE7BF,outer_r2_payload
02,GAL1897_POST_P13_GPT_CRITICAL_EDITION_21_TASKS_R2/evidence/SOURCE_RETRIEVAL_RECEIPTS.md,GAL1897_GPT_CRITICAL_EDITION_R2_FULL.zip,GAL1897_POST_P13_GPT_CRITICAL_EDITION_21_TASKS_R2/evidence/SOURCE_RETRIEVAL_RECEIPTS.md,1105,9580FCD3A4FB35F0B8D97B06735F505649C41EDFC8923B0AC50EB30388B8B7FC,outer_r2_payload
02,GAL1897_POST_P13_GPT_CRITICAL_EDITION_21_TASKS_R2/evidence/WEB_RESEARCH_PROVENANCE.md,GAL1897_GPT_CRITICAL_EDITION_R2_FULL.zip,GAL1897_POST_P13_GPT_CRITICAL_EDITION_21_TASKS_R2/evidence/WEB_RESEARCH_PROVENANCE.md,3790,1995F8BDD47CA2B8B86DEBE5F995BF5F9454CAE76DCF901DF921D4ED67CC00FA,outer_r2_payload
02,GAL1897_POST_P13_GPT_CRITICAL_EDITION_21_TASKS_R2/evidence/WEB_SOURCE_EVIDENCE.csv,GAL1897_GPT_CRITICAL_EDITION_R2_FULL.zip,GAL1897_POST_P13_GPT_CRITICAL_EDITION_21_TASKS_R2/evidence/WEB_SOURCE_EVIDENCE.csv,5227,8DA57A24D4259B63FD2CB3E76C7FD85C4B54D1869EE33174A04D583AFDF73E8F,outer_r2_payload
02,GAL1897_POST_P13_GPT_CRITICAL_EDITION_21_TASKS_R2/evidence/figures/POST_P13_A008_TANNERY_READING.png,GAL1897_GPT_CRITICAL_EDITION_R2_FULL.zip,GAL1897_POST_P13_GPT_CRITICAL_EDITION_21_TASKS_R2/evidence/figures/POST_P13_A008_TANNERY_READING.png,219555,EE8F87570B8815818544445B41681041FB397C37C9C7736AFAE9FBCE6D65ADEF,outer_r2_payload
02,GAL1897_POST_P13_GPT_CRITICAL_EDITION_21_TASKS_R2/evidence/figures/W11_DA002_JOB_NUMBER_COMPARISON.png,GAL1897_GPT_CRITICAL_EDITION_R2_FULL.zip,GAL1897_POST_P13_GPT_CRITICAL_EDITION_21_TASKS_R2/evidence/figures/W11_DA002_JOB_NUMBER_COMPARISON.png,402529,561183728A6248FDE3ACFD606B10B4024661F3D4D3AC36ADC3A7320B5D43237D,outer_r2_payload
02,GAL1897_POST_P13_GPT_CRITICAL_EDITION_21_TASKS_R2/evidence/source_replay/CANONICAL_1897_JOB_NUMBER_CROP.png,GAL1897_GPT_CRITICAL_EDITION_R2_FULL.zip,GAL1897_POST_P13_GPT_CRITICAL_EDITION_21_TASKS_R2/evidence/source_replay/CANONICAL_1897_JOB_NUMBER_CROP.png,11689,D356CE613176EC763D067C82EC4461AC4A1986BC0367C8AB0D82DBC9032F9C6E,outer_r2_payload
02,GAL1897_POST_P13_GPT_CRITICAL_EDITION_21_TASKS_R2/evidence/source_replay/ETH_1897_COLOPHON_ENHANCED.png,GAL1897_GPT_CRITICAL_EDITION_R2_FULL.zip,GAL1897_POST_P13_GPT_CRITICAL_EDITION_21_TASKS_R2/evidence/source_replay/ETH_1897_COLOPHON_ENHANCED.png,878111,B99687C15057D3C3DA0381D6F88CC3B133DA6A89E1A92D1E3FC68049E5CAE1A1,outer_r2_payload
02,GAL1897_POST_P13_GPT_CRITICAL_EDITION_21_TASKS_R2/evidence/source_replay/ETH_1897_JOB_NUMBER_ENHANCED.png,GAL1897_GPT_CRITICAL_EDITION_R2_FULL.zip,GAL1897_POST_P13_GPT_CRITICAL_EDITION_21_TASKS_R2/evidence/source_replay/ETH_1897_JOB_NUMBER_ENHANCED.png,63503,59F150F519BF7A3EB3F83F797E0280FC1D9762A4420912C0327EDA5697D6B30B,outer_r2_payload
02,GAL1897_POST_P13_GPT_CRITICAL_EDITION_21_TASKS_R2/evidence/source_replay/ETH_1897_JOB_NUMBER_RAW.png,GAL1897_GPT_CRITICAL_EDITION_R2_FULL.zip,GAL1897_POST_P13_GPT_CRITICAL_EDITION_21_TASKS_R2/evidence/source_replay/ETH_1897_JOB_NUMBER_RAW.png,6988,E50DE1CEE7E79CA7B1E3283E95AE4DD448D0545650A37C5879A16DB7D330CB54,outer_r2_payload
02,GAL1897_POST_P13_GPT_CRITICAL_EDITION_21_TASKS_R2/evidence/source_replay/ETH_1897_TABLE_OF_CONTENTS.png,GAL1897_GPT_CRITICAL_EDITION_R2_FULL.zip,GAL1897_POST_P13_GPT_CRITICAL_EDITION_21_TASKS_R2/evidence/source_replay/ETH_1897_TABLE_OF_CONTENTS.png,970595,82C578F3A7F05A086A932EAB21A6A7425442443EA603BCCF6739BE0126F83716,outer_r2_payload
02,GAL1897_POST_P13_GPT_CRITICAL_EDITION_21_TASKS_R2/evidence/source_replay/ETH_Rar4575_Galois1897.pdf,GAL1897_GPT_CRITICAL_EDITION_R2_FULL.zip,GAL1897_POST_P13_GPT_CRITICAL_EDITION_21_TASKS_R2/evidence/source_replay/ETH_Rar4575_Galois1897.pdf,11594126,30313C4A4C8966E548FD065A3FE220B0F36984617CD0FF3C210CD7971007F732,outer_r2_payload
02,GAL1897_POST_P13_GPT_CRITICAL_EDITION_21_TASKS_R2/evidence/source_replay/ETH_Rar4575_Galois1897_OCR.txt,GAL1897_GPT_CRITICAL_EDITION_R2_FULL.zip,GAL1897_POST_P13_GPT_CRITICAL_EDITION_21_TASKS_R2/evidence/source_replay/ETH_Rar4575_Galois1897_OCR.txt,104668,5BD69EE3B9758EE50C7E04C123D60148500C4BFF918F02B85EAB0EE32FDE1BD0,outer_r2_payload
02,GAL1897_POST_P13_GPT_CRITICAL_EDITION_21_TASKS_R2/evidence/source_replay/SOURCE_REPLAY_SHA256.txt,GAL1897_GPT_CRITICAL_EDITION_R2_FULL.zip,GAL1897_POST_P13_GPT_CRITICAL_EDITION_21_TASKS_R2/evidence/source_replay/SOURCE_REPLAY_SHA256.txt,2042,231E0CF3B7595E62E7CDF66E60C61633D2EF53B68ADA0D2E20FAFFAB0BC04696,outer_r2_payload
02,GAL1897_POST_P13_GPT_CRITICAL_EDITION_21_TASKS_R2/evidence/source_replay/TANNERY_1908_FORMULAS_600PPI.png,GAL1897_GPT_CRITICAL_EDITION_R2_FULL.zip,GAL1897_POST_P13_GPT_CRITICAL_EDITION_21_TASKS_R2/evidence/source_replay/TANNERY_1908_FORMULAS_600PPI.png,12883,FD481A2847D01665E4D340EB105C5D0AE6B9F8E6DDD7E99C361AD993A5FF16F2,outer_r2_payload
02,GAL1897_POST_P13_GPT_CRITICAL_EDITION_21_TASKS_R2/evidence/source_replay/TANNERY_1908_PAGE12_CONTEXT.png,GAL1897_GPT_CRITICAL_EDITION_R2_FULL.zip,GAL1897_POST_P13_GPT_CRITICAL_EDITION_21_TASKS_R2/evidence/source_replay/TANNERY_1908_PAGE12_CONTEXT.png,155297,1CD7D46140DE9ECA1074BB5B1FE6576A7A63D6D6F488805300FFB2E75A88822D,outer_r2_payload
02,GAL1897_POST_P13_GPT_CRITICAL_EDITION_21_TASKS_R2/evidence/source_replay/TANNERY_1908_PDF012_RENDER.png,GAL1897_GPT_CRITICAL_EDITION_R2_FULL.zip,GAL1897_POST_P13_GPT_CRITICAL_EDITION_21_TASKS_R2/evidence/source_replay/TANNERY_1908_PDF012_RENDER.png,116298,F785C60E130522BD38DC2AA881DE89236C37CA705BC619570F855C9526AF47D1,outer_r2_payload
02,GAL1897_POST_P13_GPT_CRITICAL_EDITION_21_TASKS_R2/evidence/source_replay/galois1897_L0092_PDF093.jp2,GAL1897_GPT_CRITICAL_EDITION_R2_FULL.zip,GAL1897_POST_P13_GPT_CRITICAL_EDITION_21_TASKS_R2/evidence/source_replay/galois1897_L0092_PDF093.jp2,159613,2E3B8F7E1170A8F53BEBBA6CC48A916604D5BACBB5F4933D5D6EFBA1AD4A4A13,outer_r2_payload
02,GAL1897_POST_P13_GPT_CRITICAL_EDITION_21_TASKS_R2/evidence/source_replay/tannery1908_0011.tif,GAL1897_GPT_CRITICAL_EDITION_R2_FULL.zip,GAL1897_POST_P13_GPT_CRITICAL_EDITION_21_TASKS_R2/evidence/source_replay/tannery1908_0011.tif,47898,8739F7BDA1C20F7A0067B0B37F7A28013C15F57A0D19E3D388F079D8011DC5CA,outer_r2_payload
02,GAL1897_POST_P13_GPT_CRITICAL_EDITION_21_TASKS_R2/evidence/source_replay/tannery1908_0012.tif,GAL1897_GPT_CRITICAL_EDITION_R2_FULL.zip,GAL1897_POST_P13_GPT_CRITICAL_EDITION_21_TASKS_R2/evidence/source_replay/tannery1908_0012.tif,55176,8128AAA0DA96A5112E8AACB23CF3F3516065D30F565A18753DCF0FCE9C1ED6D7,outer_r2_payload
02,GAL1897_POST_P13_GPT_CRITICAL_EDITION_21_TASKS_R2/evidence/source_replay/tannery1908_0013.tif,GAL1897_GPT_CRITICAL_EDITION_R2_FULL.zip,GAL1897_POST_P13_GPT_CRITICAL_EDITION_21_TASKS_R2/evidence/source_replay/tannery1908_0013.tif,63750,17AE45E229F985210A77E0ADB233D76FC851DA947C8CC9862DA7224E0898B7FE,outer_r2_payload
02,GAL1897_POST_P13_GPT_CRITICAL_EDITION_21_TASKS_R2/evidence/source_replay/w08_figs/1908_LEGENDRE_VARIANT_ENHANCED.png,GAL1897_GPT_CRITICAL_EDITION_R2_FULL.zip,GAL1897_POST_P13_GPT_CRITICAL_EDITION_21_TASKS_R2/evidence/source_replay/w08_figs/1908_LEGENDRE_VARIANT_ENHANCED.png,9606,7CEA879D572012FEFFAE76DDAABA2026A80347BE018CFFF0A7247EEEE36539BF,outer_r2_payload
02,GAL1897_POST_P13_GPT_CRITICAL_EDITION_21_TASKS_R2/evidence/source_replay/w08_figs/1908_LEGENDRE_VARIANT_RAW.png,GAL1897_GPT_CRITICAL_EDITION_R2_FULL.zip,GAL1897_POST_P13_GPT_CRITICAL_EDITION_21_TASKS_R2/evidence/source_replay/w08_figs/1908_LEGENDRE_VARIANT_RAW.png,11834,AFC083ABBBBEF44FE443FE05BE1E618729113C91EC71A6A5AFE0C9821CA98D5B,outer_r2_payload
02,GAL1897_POST_P13_GPT_CRITICAL_EDITION_21_TASKS_R2/evidence/source_replay/w11_figs/CANONICAL_JOB_NUMBER_ENHANCED.png,GAL1897_GPT_CRITICAL_EDITION_R2_FULL.zip,GAL1897_POST_P13_GPT_CRITICAL_EDITION_21_TASKS_R2/evidence/source_replay/w11_figs/CANONICAL_JOB_NUMBER_ENHANCED.png,932,AC42B6C47848AE48D10D87CD7B8928CC46B0751A2FC486B4FC9DFD476D0D2E9D,outer_r2_payload
02,GAL1897_POST_P13_GPT_CRITICAL_EDITION_21_TASKS_R2/frozen_diplomatic/FROZEN_DIPLOMATIC_RECEIPT.json,GAL1897_GPT_CRITICAL_EDITION_R2_FULL.zip,GAL1897_POST_P13_GPT_CRITICAL_EDITION_21_TASKS_R2/frozen_diplomatic/FROZEN_DIPLOMATIC_RECEIPT.json,652,8E16E487EC77F06C7325BE888AF2A541B18C6F0A8CA42F837DB85D335985EF74,outer_r2_payload
02,GAL1897_POST_P13_GPT_CRITICAL_EDITION_21_TASKS_R2/frozen_diplomatic/GAL1897_1897_SOURCE_FAITHFUL_CANDIDATE_P13R_AUDIT_BUILD.pdf,GAL1897_GPT_CRITICAL_EDITION_R2_FULL.zip,GAL1897_POST_P13_GPT_CRITICAL_EDITION_21_TASKS_R2/frozen_diplomatic/GAL1897_1897_SOURCE_FAITHFUL_CANDIDATE_P13R_AUDIT_BUILD.pdf,3510046,8E6071A2E4A0D38CC89232553CE0CC0314C7EF4BD0A084240C41D60B0AEBBFC5,outer_r2_payload
02,GAL1897_POST_P13_GPT_CRITICAL_EDITION_21_TASKS_R2/ledgers/BIBLIOGRAPHIC_PRIOR_NOTICE_MATRIX.csv,GAL1897_GPT_CRITICAL_EDITION_R2_FULL.zip,GAL1897_POST_P13_GPT_CRITICAL_EDITION_21_TASKS_R2/ledgers/BIBLIOGRAPHIC_PRIOR_NOTICE_MATRIX.csv,40436,EDA4C0B4D6B9DABCFD0958580FAC5A9CA9702ECB9780A37D6C40544E959A4D1A,outer_r2_payload
02,GAL1897_POST_P13_GPT_CRITICAL_EDITION_21_TASKS_R2/ledgers/CRITICAL_ERRATA_CATALOGUE.csv,GAL1897_GPT_CRITICAL_EDITION_R2_FULL.zip,GAL1897_POST_P13_GPT_CRITICAL_EDITION_21_TASKS_R2/ledgers/CRITICAL_ERRATA_CATALOGUE.csv,21421,8918133BCCF7E54E446E5589BB78E49F80907B68B6634CEB3E18428E57A3DD83,outer_r2_payload
02,GAL1897_POST_P13_GPT_CRITICAL_EDITION_21_TASKS_R2/ledgers/DEPENDENCY_PROPAGATION_EDGES.csv,GAL1897_GPT_CRITICAL_EDITION_R2_FULL.zip,GAL1897_POST_P13_GPT_CRITICAL_EDITION_21_TASKS_R2/ledgers/DEPENDENCY_PROPAGATION_EDGES.csv,8521,7BC97F3D0B634103738C11F10D2C4C475E85715612C77DDB6599DC8C15EC6FEB,outer_r2_payload
02,GAL1897_POST_P13_GPT_CRITICAL_EDITION_21_TASKS_R2/ledgers/MASTER_21_TASK_LEDGER.csv,GAL1897_GPT_CRITICAL_EDITION_R2_FULL.zip,GAL1897_POST_P13_GPT_CRITICAL_EDITION_21_TASKS_R2/ledgers/MASTER_21_TASK_LEDGER.csv,8268,4B759020CD56BD66BE5C914DA99EE59EE57AE117317A5C976015421631C48F32,outer_r2_payload
02,GAL1897_POST_P13_GPT_CRITICAL_EDITION_21_TASKS_R2/ledgers/OPEN_AFTER_21_TASKS.csv,GAL1897_GPT_CRITICAL_EDITION_R2_FULL.zip,GAL1897_POST_P13_GPT_CRITICAL_EDITION_21_TASKS_R2/ledgers/OPEN_AFTER_21_TASKS.csv,640,7C1EE05A43CC0C18D74C9E96EB8EB313DB9DA4E1F592BB147FE14EE09EBA37BB,outer_r2_payload
02,GAL1897_POST_P13_GPT_CRITICAL_EDITION_21_TASKS_R2/ledgers/OPEN_AFTER_21_TASKS_PRE_R2.csv,GAL1897_GPT_CRITICAL_EDITION_R2_FULL.zip,GAL1897_POST_P13_GPT_CRITICAL_EDITION_21_TASKS_R2/ledgers/OPEN_AFTER_21_TASKS_PRE_R2.csv,951,06A5F558A6161FE4984B861DA24B5B4281A6D55ED79772D89ED5EB5199DAE145,outer_r2_payload
02,GAL1897_POST_P13_GPT_CRITICAL_EDITION_21_TASKS_R2/ledgers/R2_WITNESS_VARIANT_ADJUDICATIONS.csv,GAL1897_GPT_CRITICAL_EDITION_R2_FULL.zip,GAL1897_POST_P13_GPT_CRITICAL_EDITION_21_TASKS_R2/ledgers/R2_WITNESS_VARIANT_ADJUDICATIONS.csv,475,152E8F0E026763660CECF579DF14AF26DE741E146BC5A658355BF24B2F3776E5,outer_r2_payload
02,GAL1897_POST_P13_GPT_CRITICAL_EDITION_21_TASKS_R2/ledgers/RESOLVED_AFTER_R2_DEEP_REPLAY.csv,GAL1897_GPT_CRITICAL_EDITION_R2_FULL.zip,GAL1897_POST_P13_GPT_CRITICAL_EDITION_21_TASKS_R2/ledgers/RESOLVED_AFTER_R2_DEEP_REPLAY.csv,523,60F369FC01FDE02149F8014E0AD14367B496A9D52E092F1A2D5EF85DAD5AD4C3,outer_r2_payload
02,GAL1897_POST_P13_GPT_CRITICAL_EDITION_21_TASKS_R2/ledgers/SEARCH_QUERY_LEDGER.csv,GAL1897_GPT_CRITICAL_EDITION_R2_FULL.zip,GAL1897_POST_P13_GPT_CRITICAL_EDITION_21_TASKS_R2/ledgers/SEARCH_QUERY_LEDGER.csv,7892,5D66195E449209A464E466891E2DBFFFF8541B917764B7AB233B229844849830,outer_r2_payload
02,GAL1897_POST_P13_GPT_CRITICAL_EDITION_21_TASKS_R2/original_source_packet/00_READ_FIRST_GALOIS_1897_PROJECT.md,GAL1897_GPT_CRITICAL_EDITION_R2_FULL.zip,GAL1897_POST_P13_GPT_CRITICAL_EDITION_21_TASKS_R2/original_source_packet/00_READ_FIRST_GALOIS_1897_PROJECT.md,5503,1F9322CB25D14548AE929E5AB17132FFF51D292E5D278EA0CADC5C43DFC90EA2,outer_r2_payload
02,GAL1897_POST_P13_GPT_CRITICAL_EDITION_21_TASKS_R2/original_source_packet/01_MANUAL_PROMPTS_DO_NOT_AUTO_RUN.md,GAL1897_GPT_CRITICAL_EDITION_R2_FULL.zip,GAL1897_POST_P13_GPT_CRITICAL_EDITION_21_TASKS_R2/original_source_packet/01_MANUAL_PROMPTS_DO_NOT_AUTO_RUN.md,9379,1C8E3D0E4FCF7AC0610BCF4379C0F4C8BAA0CBA3119E2A11487929589BB1C50D,outer_r2_payload
02,GAL1897_POST_P13_GPT_CRITICAL_EDITION_21_TASKS_R2/original_source_packet/02_CANONICAL_1897_SCAN_ALL_96_PAGES.pdf,GAL1897_GPT_CRITICAL_EDITION_R2_FULL.zip,GAL1897_POST_P13_GPT_CRITICAL_EDITION_21_TASKS_R2/original_source_packet/02_CANONICAL_1897_SCAN_ALL_96_PAGES.pdf,1464853,3359F336B0740BD9ACE1EF96EE272BA376874D19265C65EBFC8F71450E2906FF,outer_r2_payload
02,GAL1897_POST_P13_GPT_CRITICAL_EDITION_21_TASKS_R2/original_source_packet/03_FRESH_SURYA_OCR_WITNESS_ALL_96_PAGES.md,GAL1897_GPT_CRITICAL_EDITION_R2_FULL.zip,GAL1897_POST_P13_GPT_CRITICAL_EDITION_21_TASKS_R2/original_source_packet/03_FRESH_SURYA_OCR_WITNESS_ALL_96_PAGES.md,134454,36FD615AE0464368E5AB2D586B94E0D2AE417172E85FF783ECF72BB8841A3EDF,outer_r2_payload
02,GAL1897_POST_P13_GPT_CRITICAL_EDITION_21_TASKS_R2/original_source_packet/04_GALOIS_1897_PAGE_MAP.csv,GAL1897_GPT_CRITICAL_EDITION_R2_FULL.zip,GAL1897_POST_P13_GPT_CRITICAL_EDITION_21_TASKS_R2/original_source_packet/04_GALOIS_1897_PAGE_MAP.csv,17609,C8009EC2674184155340E96313901CD8E034AB93387C2BD1F5EC9DF6AC349DFE,outer_r2_payload
02,GAL1897_POST_P13_GPT_CRITICAL_EDITION_21_TASKS_R2/original_source_packet/05_JP2_IMAGE_INVENTORY_SHA256.csv,GAL1897_GPT_CRITICAL_EDITION_R2_FULL.zip,GAL1897_POST_P13_GPT_CRITICAL_EDITION_21_TASKS_R2/original_source_packet/05_JP2_IMAGE_INVENTORY_SHA256.csv,24310,59EA6370A14E0F9F15227C704A707D6B1440B32735836EDFD80F2277A636EB26,outer_r2_payload
02,GAL1897_POST_P13_GPT_CRITICAL_EDITION_21_TASKS_R2/original_source_packet/06_JP2_ARCHIVE_MAP.csv,GAL1897_GPT_CRITICAL_EDITION_R2_FULL.zip,GAL1897_POST_P13_GPT_CRITICAL_EDITION_21_TASKS_R2/original_source_packet/06_JP2_ARCHIVE_MAP.csv,3178,5D08AB38C0FAF839BD1F5185042251497B672E942F8FC469D197BB969BF5671D,outer_r2_payload
02,GAL1897_POST_P13_GPT_CRITICAL_EDITION_21_TASKS_R2/original_source_packet/07_1846_JMPA_ORIGINAL_PUBLICATION_WITNESS.pdf,GAL1897_GPT_CRITICAL_EDITION_R2_FULL.zip,GAL1897_POST_P13_GPT_CRITICAL_EDITION_21_TASKS_R2/original_source_packet/07_1846_JMPA_ORIGINAL_PUBLICATION_WITNESS.pdf,2582693,F351B61639757ABEBB5C0F98937822C22E40CCDF60762DA130708AE26BA60319,outer_r2_payload
02,GAL1897_POST_P13_GPT_CRITICAL_EDITION_21_TASKS_R2/original_source_packet/08_1908_MANUSCRIPTS_WITNESS.pdf,GAL1897_GPT_CRITICAL_EDITION_R2_FULL.zip,GAL1897_POST_P13_GPT_CRITICAL_EDITION_21_TASKS_R2/original_source_packet/08_1908_MANUSCRIPTS_WITNESS.pdf,3084170,E1227D7B0882BDDC8B219CB2B98DAA6B7B7EE3720D1AB268656B9803CB5C4FAB,outer_r2_payload
02,GAL1897_POST_P13_GPT_CRITICAL_EDITION_21_TASKS_R2/original_source_packet/09_1908_MANUSCRIPTS_600PPI_TIFF_MASTER.zip,GAL1897_GPT_CRITICAL_EDITION_R2_FULL.zip,GAL1897_POST_P13_GPT_CRITICAL_EDITION_21_TASKS_R2/original_source_packet/09_1908_MANUSCRIPTS_600PPI_TIFF_MASTER.zip,3548479,989F929E24C192173AA60001599B7600817EBB79696167CAAAE8AC795246B96B,outer_r2_payload
02,GAL1897_POST_P13_GPT_CRITICAL_EDITION_21_TASKS_R2/original_source_packet/10_GUTENBERG_CONTROL_ONLY.tex.txt,GAL1897_GPT_CRITICAL_EDITION_R2_FULL.zip,GAL1897_POST_P13_GPT_CRITICAL_EDITION_21_TASKS_R2/original_source_packet/10_GUTENBERG_CONTROL_ONLY.tex.txt,193264,D0E6B8DCFEFF735CC90BBD7A2456786ABF75A605273765FA178EF9ABB18C4541,outer_r2_payload
02,GAL1897_POST_P13_GPT_CRITICAL_EDITION_21_TASKS_R2/original_source_packet/11_OCR_PROVENANCE.md,GAL1897_GPT_CRITICAL_EDITION_R2_FULL.zip,GAL1897_POST_P13_GPT_CRITICAL_EDITION_21_TASKS_R2/original_source_packet/11_OCR_PROVENANCE.md,1705,B09532890EBA3CDFBE9F429193412F92AF626F07371C1CC5D0DCA7E551D56BAB,outer_r2_payload
02,GAL1897_POST_P13_GPT_CRITICAL_EDITION_21_TASKS_R2/original_source_packet/23_PACKET_MANIFEST_SHA256.txt,GAL1897_GPT_CRITICAL_EDITION_R2_FULL.zip,GAL1897_POST_P13_GPT_CRITICAL_EDITION_21_TASKS_R2/original_source_packet/23_PACKET_MANIFEST_SHA256.txt,3909,C7411AF5A0876FA992B3D6450BB91E9F99155C41DD66DA79C68A500302C0F3C5,outer_r2_payload
02,GAL1897_POST_P13_GPT_CRITICAL_EDITION_21_TASKS_R2/original_source_packet/JP2_L0000-0022_PDF001-023_PRELIMS.zip,GAL1897_GPT_CRITICAL_EDITION_R2_FULL.zip,GAL1897_POST_P13_GPT_CRITICAL_EDITION_21_TASKS_R2/original_source_packet/JP2_L0000-0022_PDF001-023_PRELIMS.zip,4003064,FEDFEE480ACC4B5EB62E390FAA43BCBEDFDF229B6A701C4EB86D7BC71F6B8255,outer_r2_payload
02,GAL1897_POST_P13_GPT_CRITICAL_EDITION_21_TASKS_R2/original_source_packet/JP2_L0023-0028_PDF024-029_INTRODUCTION.zip,GAL1897_GPT_CRITICAL_EDITION_R2_FULL.zip,GAL1897_POST_P13_GPT_CRITICAL_EDITION_21_TASKS_R2/original_source_packet/JP2_L0023-0028_PDF024-029_INTRODUCTION.zip,6889607,D37A7398D9A3D7270858DA55A2C382086E72A608DFC64694A165E8716BE750A5,outer_r2_payload
02,GAL1897_POST_P13_GPT_CRITICAL_EDITION_21_TASKS_R2/original_source_packet/JP2_L0029-0036_PDF030-037_CONTINUED_FRACTIONS.zip,GAL1897_GPT_CRITICAL_EDITION_R2_FULL.zip,GAL1897_POST_P13_GPT_CRITICAL_EDITION_21_TASKS_R2/original_source_packet/JP2_L0029-0036_PDF030-037_CONTINUED_FRACTIONS.zip,5437073,FC5FAF7B291C24EED251EDDEBCCF9770E8F3FA7273421D01C5B55CAF76B5BE55,outer_r2_payload
02,GAL1897_POST_P13_GPT_CRITICAL_EDITION_21_TASKS_R2/original_source_packet/JP2_L0037-0038_PDF038-039_NOTES_ANALYSIS.zip,GAL1897_GPT_CRITICAL_EDITION_R2_FULL.zip,GAL1897_POST_P13_GPT_CRITICAL_EDITION_21_TASKS_R2/original_source_packet/JP2_L0037-0038_PDF038-039_NOTES_ANALYSIS.zip,1650676,A2540EE41685E369FEF1B8DD54F44E5BD1AB608E632810571DE3646BFC190874,outer_r2_payload
02,GAL1897_POST_P13_GPT_CRITICAL_EDITION_21_TASKS_R2/original_source_packet/JP2_L0039-0040_PDF040-041_ALGEBRAIC_RESOLUTION_ANALYSIS.zip,GAL1897_GPT_CRITICAL_EDITION_R2_FULL.zip,GAL1897_POST_P13_GPT_CRITICAL_EDITION_21_TASKS_R2/original_source_packet/JP2_L0039-0040_PDF040-041_ALGEBRAIC_RESOLUTION_ANALYSIS.zip,1943522,5E0D3BF80A0D692A15D8B21C6894CD8CFC04E6BA382519B1290A6D31289EB1C1,outer_r2_payload
02,GAL1897_POST_P13_GPT_CRITICAL_EDITION_21_TASKS_R2/original_source_packet/JP2_L0041-0042_PDF042-043_NUMERICAL_EQUATIONS.zip,GAL1897_GPT_CRITICAL_EDITION_R2_FULL.zip,GAL1897_POST_P13_GPT_CRITICAL_EDITION_21_TASKS_R2/original_source_packet/JP2_L0041-0042_PDF042-043_NUMERICAL_EQUATIONS.zip,1607723,F386839A8A7DB70903B6020758124253F924B8E5CC8C13C234EE80D0E94FC418,outer_r2_payload
02,GAL1897_POST_P13_GPT_CRITICAL_EDITION_21_TASKS_R2/original_source_packet/JP2_L0043-0051_PDF044-052_NUMBER_THEORY.zip,GAL1897_GPT_CRITICAL_EDITION_R2_FULL.zip,GAL1897_POST_P13_GPT_CRITICAL_EDITION_21_TASKS_R2/original_source_packet/JP2_L0043-0051_PDF044-052_NUMBER_THEORY.zip,8058224,F39308861FE509EB9C78002B171D8CAA60B6BBB554CE883E8F2DE565EE653108,outer_r2_payload
02,GAL1897_POST_P13_GPT_CRITICAL_EDITION_21_TASKS_R2/original_source_packet/JP2_L0052_PDF053_PRINT024_BLANK.zip,GAL1897_GPT_CRITICAL_EDITION_R2_FULL.zip,GAL1897_POST_P13_GPT_CRITICAL_EDITION_21_TASKS_R2/original_source_packet/JP2_L0052_PDF053_PRINT024_BLANK.zip,45841,E5EF464CFA599C042B52BBEE4306F6D201957A75E2B870713381655FE30514B1,outer_r2_payload
02,GAL1897_POST_P13_GPT_CRITICAL_EDITION_21_TASKS_R2/original_source_packet/JP2_L0053-0060_PDF054-061_CHEVALIER_LETTER.zip,GAL1897_GPT_CRITICAL_EDITION_R2_FULL.zip,GAL1897_POST_P13_GPT_CRITICAL_EDITION_21_TASKS_R2/original_source_packet/JP2_L0053-0060_PDF054-061_CHEVALIER_LETTER.zip,7593820,3680C8937F9EDD1EB9D9D34E0BC387BD8437279C83A8EE21FC402758A2BD0123,outer_r2_payload
02,GAL1897_POST_P13_GPT_CRITICAL_EDITION_21_TASKS_R2/original_source_packet/JP2_L0061-0078_PDF062-079_RADICALS_MEMOIR.zip,GAL1897_GPT_CRITICAL_EDITION_R2_FULL.zip,GAL1897_POST_P13_GPT_CRITICAL_EDITION_21_TASKS_R2/original_source_packet/JP2_L0061-0078_PDF062-079_RADICALS_MEMOIR.zip,16898350,58B94049C4E5D326B0691A78012BC0091894800AB3A468A8039C49B31396E158,outer_r2_payload
02,GAL1897_POST_P13_GPT_CRITICAL_EDITION_21_TASKS_R2/original_source_packet/JP2_L0079-0089_PDF080-090_PRIMITIVE_EQUATIONS.zip,GAL1897_GPT_CRITICAL_EDITION_R2_FULL.zip,GAL1897_POST_P13_GPT_CRITICAL_EDITION_21_TASKS_R2/original_source_packet/JP2_L0079-0089_PDF080-090_PRIMITIVE_EQUATIONS.zip,9691435,533E49FF3DB3EAA2ECAD5CD6BED95F5CE4FB70AEB13A135758FF0A382FBD1A35,outer_r2_payload
02,GAL1897_POST_P13_GPT_CRITICAL_EDITION_21_TASKS_R2/original_source_packet/JP2_L0090_PDF091_PRINT062_BLANK.zip,GAL1897_GPT_CRITICAL_EDITION_R2_FULL.zip,GAL1897_POST_P13_GPT_CRITICAL_EDITION_21_TASKS_R2/original_source_packet/JP2_L0090_PDF091_PRINT062_BLANK.zip,72631,432A2CDC5CA76E9311FFEFF6145451CF701482D9BEC7EFF961ECD322898058FC,outer_r2_payload
02,GAL1897_POST_P13_GPT_CRITICAL_EDITION_21_TASKS_R2/original_source_packet/JP2_L0091_PDF092_TABLE_OF_CONTENTS.zip,GAL1897_GPT_CRITICAL_EDITION_R2_FULL.zip,GAL1897_POST_P13_GPT_CRITICAL_EDITION_21_TASKS_R2/original_source_packet/JP2_L0091_PDF092_TABLE_OF_CONTENTS.zip,417059,D241F0CACB968E5E0DF08EC0F305E60464848F0ECD3574F3D13850C4CA1DBE06,outer_r2_payload
02,GAL1897_POST_P13_GPT_CRITICAL_EDITION_21_TASKS_R2/original_source_packet/JP2_L0092-0095_PDF093-096_COLOPHON_TRAILING.zip,GAL1897_GPT_CRITICAL_EDITION_R2_FULL.zip,GAL1897_POST_P13_GPT_CRITICAL_EDITION_21_TASKS_R2/original_source_packet/JP2_L0092-0095_PDF093-096_COLOPHON_TRAILING.zip,269708,9905904E334E0038937AAA54CE73DF2E78C20B28301DE66298676FCC5ED4FABE,outer_r2_payload
02,GAL1897_POST_P13_GPT_CRITICAL_EDITION_21_TASKS_R2/original_source_packet/_page_0_Picture_0.jpeg,GAL1897_GPT_CRITICAL_EDITION_R2_FULL.zip,GAL1897_POST_P13_GPT_CRITICAL_EDITION_21_TASKS_R2/original_source_packet/_page_0_Picture_0.jpeg,10382,747FD85C826FF0D0786ADB237D516045B4333A19DB1561BF0D3F30BCB809F7AC,outer_r2_payload
02,GAL1897_POST_P13_GPT_CRITICAL_EDITION_21_TASKS_R2/original_source_packet/_page_12_Picture_1.jpeg,GAL1897_GPT_CRITICAL_EDITION_R2_FULL.zip,GAL1897_POST_P13_GPT_CRITICAL_EDITION_21_TASKS_R2/original_source_packet/_page_12_Picture_1.jpeg,18731,E6C1509EA4A0C8168BEC4CFC594484243A1DF9766A0375B1D93CA08959AC8791,outer_r2_payload
02,GAL1897_POST_P13_GPT_CRITICAL_EDITION_21_TASKS_R2/original_source_packet/_page_18_Picture_0.jpeg,GAL1897_GPT_CRITICAL_EDITION_R2_FULL.zip,GAL1897_POST_P13_GPT_CRITICAL_EDITION_21_TASKS_R2/original_source_packet/_page_18_Picture_0.jpeg,94102,666EAA1F26EE7A2D885DCAE021304F511B6ECF7A6A15D45BBE9F05D69AE7C28F,outer_r2_payload
02,GAL1897_POST_P13_GPT_CRITICAL_EDITION_21_TASKS_R2/original_source_packet/_page_1_Picture_1.jpeg,GAL1897_GPT_CRITICAL_EDITION_R2_FULL.zip,GAL1897_POST_P13_GPT_CRITICAL_EDITION_21_TASKS_R2/original_source_packet/_page_1_Picture_1.jpeg,16749,2F07E185771760EE57F69CFE4E86FF8C81BEAA68DD9CB920D588A391E2A6EF23,outer_r2_payload
02,GAL1897_POST_P13_GPT_CRITICAL_EDITION_21_TASKS_R2/original_source_packet/_page_20_Picture_0.jpeg,GAL1897_GPT_CRITICAL_EDITION_R2_FULL.zip,GAL1897_POST_P13_GPT_CRITICAL_EDITION_21_TASKS_R2/original_source_packet/_page_20_Picture_0.jpeg,103296,08C3411F5241B8FA31D974B1C3AB06A174A277AE6BF9D400B77FD49BA1FEEA6E,outer_r2_payload
02,GAL1897_POST_P13_GPT_CRITICAL_EDITION_21_TASKS_R2/original_source_packet/_page_22_Picture_1.jpeg,GAL1897_GPT_CRITICAL_EDITION_R2_FULL.zip,GAL1897_POST_P13_GPT_CRITICAL_EDITION_21_TASKS_R2/original_source_packet/_page_22_Picture_1.jpeg,10287,765E36004FDFEC3F5299F9819B394B0C16B7EA9D82FB5E3AFFEC65B5A2E49F55,outer_r2_payload
02,GAL1897_POST_P13_GPT_CRITICAL_EDITION_21_TASKS_R2/original_source_packet/_page_22_Picture_2.jpeg,GAL1897_GPT_CRITICAL_EDITION_R2_FULL.zip,GAL1897_POST_P13_GPT_CRITICAL_EDITION_21_TASKS_R2/original_source_packet/_page_22_Picture_2.jpeg,6290,B210839AC897E195EC1FA9DE5AE48FE1AC05459F549A346AAB9F4473A595C1DE,outer_r2_payload
02,GAL1897_POST_P13_GPT_CRITICAL_EDITION_21_TASKS_R2/original_source_packet/_page_33_Figure_2.jpeg,GAL1897_GPT_CRITICAL_EDITION_R2_FULL.zip,GAL1897_POST_P13_GPT_CRITICAL_EDITION_21_TASKS_R2/original_source_packet/_page_33_Figure_2.jpeg,11305,C5A7A3989A2823A42E91ABE84994F105A398FEDAECEB97B65C3F14C2A1E7BD12,outer_r2_payload
02,GAL1897_POST_P13_GPT_CRITICAL_EDITION_21_TASKS_R2/original_source_packet/_page_6_Picture_8.jpeg,GAL1897_GPT_CRITICAL_EDITION_R2_FULL.zip,GAL1897_POST_P13_GPT_CRITICAL_EDITION_21_TASKS_R2/original_source_packet/_page_6_Picture_8.jpeg,8947,9736CB1233D203F256B47D1B6CB4458270225716AAD2450020B608FD263DA716,outer_r2_payload
02,GAL1897_POST_P13_GPT_CRITICAL_EDITION_21_TASKS_R2/provenance/MISSING_PREDECESSOR_ZIP_INCIDENT.md,GAL1897_GPT_CRITICAL_EDITION_R2_FULL.zip,GAL1897_POST_P13_GPT_CRITICAL_EDITION_21_TASKS_R2/provenance/MISSING_PREDECESSOR_ZIP_INCIDENT.md,764,3A2BFCA6547C231935D24EF5A5AB67D2A35556F44E512469F6B00BBEAD5E7A45,outer_r2_payload
02,GAL1897_POST_P13_GPT_CRITICAL_EDITION_21_TASKS_R2/provenance/missing_predecessor_archive/GAL1897_CUMULATIVE_P00-P13R_POST_P13_GPT_CRITICAL_EDITION_21_TASKS.zip.sha256,GAL1897_GPT_CRITICAL_EDITION_R2_FULL.zip,GAL1897_POST_P13_GPT_CRITICAL_EDITION_21_TASKS_R2/provenance/missing_predecessor_archive/GAL1897_CUMULATIVE_P00-P13R_POST_P13_GPT_CRITICAL_EDITION_21_TASKS.zip.sha256,137,63E4A8E650D1A9A279B6781C7EAE2FF1D0809FB2A0D69373B86E064D37F7A3C5,outer_r2_payload
02,GAL1897_POST_P13_GPT_CRITICAL_EDITION_21_TASKS_R2/provenance/missing_predecessor_archive/GAL1897_POST_P13_GPT_CRITICAL_EDITION_21_TASKS_PACKAGE_RECEIPT.json,GAL1897_GPT_CRITICAL_EDITION_R2_FULL.zip,GAL1897_POST_P13_GPT_CRITICAL_EDITION_21_TASKS_R2/provenance/missing_predecessor_archive/GAL1897_POST_P13_GPT_CRITICAL_EDITION_21_TASKS_PACKAGE_RECEIPT.json,544,8A7644F4ADA7D2524BBD01EFCDDD361F0354DDBA46D4D13E360C561C0413AAD6,outer_r2_payload
02,GAL1897_POST_P13_GPT_CRITICAL_EDITION_21_TASKS_R2/provenance/surviving_predecessor_files/RETURN_TO_CODEX.md,GAL1897_GPT_CRITICAL_EDITION_R2_FULL.zip,GAL1897_POST_P13_GPT_CRITICAL_EDITION_21_TASKS_R2/provenance/surviving_predecessor_files/RETURN_TO_CODEX.md,4240,E6C233B900BD034A7284B6AFF6012EA63060A5E92E1095B6E8ED7FCED6E46600,outer_r2_payload
02,GAL1897_POST_P13_GPT_CRITICAL_EDITION_21_TASKS_R2/provenance/surviving_predecessor_files/critical_edition/GAL1897_GPT_CRITICAL_EDITION.md,GAL1897_GPT_CRITICAL_EDITION_R2_FULL.zip,GAL1897_POST_P13_GPT_CRITICAL_EDITION_21_TASKS_R2/provenance/surviving_predecessor_files/critical_edition/GAL1897_GPT_CRITICAL_EDITION.md,61910,0E0FB61CD0E6BA1BB364692D81BFC8C006523BD2862C24CD7570AC981996F6A5,outer_r2_payload
02,GAL1897_POST_P13_GPT_CRITICAL_EDITION_21_TASKS_R2/provenance/surviving_predecessor_files/critical_edition/GAL1897_GPT_CRITICAL_EDITION.pdf,GAL1897_GPT_CRITICAL_EDITION_R2_FULL.zip,GAL1897_POST_P13_GPT_CRITICAL_EDITION_21_TASKS_R2/provenance/surviving_predecessor_files/critical_edition/GAL1897_GPT_CRITICAL_EDITION.pdf,141624,77A1A593551954C7DD0C9EDEB6B01A40254B83745FDB3B0F4AC8AE277497C446,outer_r2_payload
02,GAL1897_POST_P13_GPT_CRITICAL_EDITION_21_TASKS_R2/provenance/surviving_predecessor_files/critical_edition/GAL1897_GPT_CRITICAL_EDITION.tex,GAL1897_GPT_CRITICAL_EDITION_R2_FULL.zip,GAL1897_POST_P13_GPT_CRITICAL_EDITION_21_TASKS_R2/provenance/surviving_predecessor_files/critical_edition/GAL1897_GPT_CRITICAL_EDITION.tex,73292,03E0A03EAD4D6839245ABEBFFD6D554B02AC27A1A29AF582E64A99A1C8FB548D,outer_r2_payload
02,GAL1897_POST_P13_GPT_CRITICAL_EDITION_21_TASKS_R2/provenance/surviving_predecessor_files/critical_edition/GAL1897_ONE_CLICK_READER_DIPLOMATIC_PLUS_GPT_CRITICAL.pdf,GAL1897_GPT_CRITICAL_EDITION_R2_FULL.zip,GAL1897_POST_P13_GPT_CRITICAL_EDITION_21_TASKS_R2/provenance/surviving_predecessor_files/critical_edition/GAL1897_ONE_CLICK_READER_DIPLOMATIC_PLUS_GPT_CRITICAL.pdf,3722355,4803361CF7724FE06050B50BF0AA85E791F4BC168BBC555FC4EB996B30A2D8D6,outer_r2_payload
02,GAL1897_POST_P13_GPT_CRITICAL_EDITION_21_TASKS_R2/provenance/surviving_predecessor_files/evidence/WEB_RESEARCH_PROVENANCE.md,GAL1897_GPT_CRITICAL_EDITION_R2_FULL.zip,GAL1897_POST_P13_GPT_CRITICAL_EDITION_21_TASKS_R2/provenance/surviving_predecessor_files/evidence/WEB_RESEARCH_PROVENANCE.md,4832,190FA5848A721B46FB0E0FC8B108D0479F77D737110970554D1768D6D2D13261,outer_r2_payload
02,GAL1897_POST_P13_GPT_CRITICAL_EDITION_21_TASKS_R2/provenance/surviving_predecessor_files/evidence/WEB_SOURCE_EVIDENCE.csv,GAL1897_GPT_CRITICAL_EDITION_R2_FULL.zip,GAL1897_POST_P13_GPT_CRITICAL_EDITION_21_TASKS_R2/provenance/surviving_predecessor_files/evidence/WEB_SOURCE_EVIDENCE.csv,4629,A224755782B0E6B18A68AC414DD84EADD9A9D63692C1423E4E8748B273DA12A6,outer_r2_payload
02,GAL1897_POST_P13_GPT_CRITICAL_EDITION_21_TASKS_R2/provenance/surviving_predecessor_files/ledgers/BIBLIOGRAPHIC_PRIOR_NOTICE_MATRIX.csv,GAL1897_GPT_CRITICAL_EDITION_R2_FULL.zip,GAL1897_POST_P13_GPT_CRITICAL_EDITION_21_TASKS_R2/provenance/surviving_predecessor_files/ledgers/BIBLIOGRAPHIC_PRIOR_NOTICE_MATRIX.csv,39579,BA71270F0C3799D7F17AE4C29D2C72F40C6D1F0AB7AE98B1780299B0DF6508A8,outer_r2_payload
02,GAL1897_POST_P13_GPT_CRITICAL_EDITION_21_TASKS_R2/provenance/surviving_predecessor_files/ledgers/CRITICAL_ERRATA_CATALOGUE.csv,GAL1897_GPT_CRITICAL_EDITION_R2_FULL.zip,GAL1897_POST_P13_GPT_CRITICAL_EDITION_21_TASKS_R2/provenance/surviving_predecessor_files/ledgers/CRITICAL_ERRATA_CATALOGUE.csv,21421,8918133BCCF7E54E446E5589BB78E49F80907B68B6634CEB3E18428E57A3DD83,outer_r2_payload
02,GAL1897_POST_P13_GPT_CRITICAL_EDITION_21_TASKS_R2/provenance/surviving_predecessor_files/ledgers/DEPENDENCY_PROPAGATION_EDGES.csv,GAL1897_GPT_CRITICAL_EDITION_R2_FULL.zip,GAL1897_POST_P13_GPT_CRITICAL_EDITION_21_TASKS_R2/provenance/surviving_predecessor_files/ledgers/DEPENDENCY_PROPAGATION_EDGES.csv,8110,4FC28FF8D4DB61D881F7B992BEBC9D6A96B087A73ABDEED4F4340D0F39139438,outer_r2_payload
02,GAL1897_POST_P13_GPT_CRITICAL_EDITION_21_TASKS_R2/provenance/surviving_predecessor_files/ledgers/MASTER_21_TASK_LEDGER.csv,GAL1897_GPT_CRITICAL_EDITION_R2_FULL.zip,GAL1897_POST_P13_GPT_CRITICAL_EDITION_21_TASKS_R2/provenance/surviving_predecessor_files/ledgers/MASTER_21_TASK_LEDGER.csv,8301,D9382212904B6549F3CBE9CEEC338710FF06F76E252E7EE9B52F1DC2D87C419B,outer_r2_payload
02,GAL1897_POST_P13_GPT_CRITICAL_EDITION_21_TASKS_R2/provenance/surviving_predecessor_files/ledgers/OPEN_AFTER_21_TASKS.csv,GAL1897_GPT_CRITICAL_EDITION_R2_FULL.zip,GAL1897_POST_P13_GPT_CRITICAL_EDITION_21_TASKS_R2/provenance/surviving_predecessor_files/ledgers/OPEN_AFTER_21_TASKS.csv,951,06A5F558A6161FE4984B861DA24B5B4281A6D55ED79772D89ED5EB5199DAE145,outer_r2_payload
02,GAL1897_POST_P13_GPT_CRITICAL_EDITION_21_TASKS_R2/provenance/surviving_predecessor_files/ledgers/SEARCH_QUERY_LEDGER.csv,GAL1897_GPT_CRITICAL_EDITION_R2_FULL.zip,GAL1897_POST_P13_GPT_CRITICAL_EDITION_21_TASKS_R2/provenance/surviving_predecessor_files/ledgers/SEARCH_QUERY_LEDGER.csv,7001,94AA8FEDDEA8CA63F4DBC8E5267A2B36E051311629B47CB29BB938714475C910,outer_r2_payload
02,GAL1897_POST_P13_GPT_CRITICAL_EDITION_21_TASKS_R2/provenance/surviving_predecessor_files/qa/COLD_AUDIT_CHECKS.json,GAL1897_GPT_CRITICAL_EDITION_R2_FULL.zip,GAL1897_POST_P13_GPT_CRITICAL_EDITION_21_TASKS_R2/provenance/surviving_predecessor_files/qa/COLD_AUDIT_CHECKS.json,41600,FABE8F75278E3AC00B0546D5DADD0BA29D53262305A23EF9D8CDE1A2BAF0E559,outer_r2_payload
02,GAL1897_POST_P13_GPT_CRITICAL_EDITION_21_TASKS_R2/provenance/surviving_predecessor_files/qa/COLD_AUDIT_REPORT.md,GAL1897_GPT_CRITICAL_EDITION_R2_FULL.zip,GAL1897_POST_P13_GPT_CRITICAL_EDITION_21_TASKS_R2/provenance/surviving_predecessor_files/qa/COLD_AUDIT_REPORT.md,1306,26A15427941B107FF6D0FE33378E8B7CAF85D8CAE80510BC4C4424CC98812FC5,outer_r2_payload
02,GAL1897_POST_P13_GPT_CRITICAL_EDITION_21_TASKS_R2/qa/COLD_AUDIT_CHECKS.json,GAL1897_GPT_CRITICAL_EDITION_R2_FULL.zip,GAL1897_POST_P13_GPT_CRITICAL_EDITION_21_TASKS_R2/qa/COLD_AUDIT_CHECKS.json,62120,7AFC8CCE3062C855E932A5F3B4FCC116206539A1FDCD31280DC3A5869BB9B64A,outer_r2_payload
02,GAL1897_POST_P13_GPT_CRITICAL_EDITION_21_TASKS_R2/qa/COLD_AUDIT_REPORT.md,GAL1897_GPT_CRITICAL_EDITION_R2_FULL.zip,GAL1897_POST_P13_GPT_CRITICAL_EDITION_21_TASKS_R2/qa/COLD_AUDIT_REPORT.md,1256,4F843C895CF3B2A312B587C73AA9C576AEFB4326536814272C85E2AFA758CDC4,outer_r2_payload
02,GAL1897_POST_P13_GPT_CRITICAL_EDITION_21_TASKS_R2/qa/DETERMINISTIC_BUILD_RECEIPT.json,GAL1897_GPT_CRITICAL_EDITION_R2_FULL.zip,GAL1897_POST_P13_GPT_CRITICAL_EDITION_21_TASKS_R2/qa/DETERMINISTIC_BUILD_RECEIPT.json,1286,1A004E81667548BED79BF89B5BFF75E73848683F9E2E7368E457953743D51482,outer_r2_payload
02,GAL1897_POST_P13_GPT_CRITICAL_EDITION_21_TASKS_R2/qa/GHOSTSCRIPT_CRITICAL.txt,GAL1897_GPT_CRITICAL_EDITION_R2_FULL.zip,GAL1897_POST_P13_GPT_CRITICAL_EDITION_21_TASKS_R2/qa/GHOSTSCRIPT_CRITICAL.txt,0,E3B0C44298FC1C149AFBF4C8996FB92427AE41E4649B934CA495991B7852B855,outer_r2_payload
02,GAL1897_POST_P13_GPT_CRITICAL_EDITION_21_TASKS_R2/qa/GHOSTSCRIPT_READER.txt,GAL1897_GPT_CRITICAL_EDITION_R2_FULL.zip,GAL1897_POST_P13_GPT_CRITICAL_EDITION_21_TASKS_R2/qa/GHOSTSCRIPT_READER.txt,0,E3B0C44298FC1C149AFBF4C8996FB92427AE41E4649B934CA495991B7852B855,outer_r2_payload
02,GAL1897_POST_P13_GPT_CRITICAL_EDITION_21_TASKS_R2/qa/MATHEMATICAL_CHECKS.json,GAL1897_GPT_CRITICAL_EDITION_R2_FULL.zip,GAL1897_POST_P13_GPT_CRITICAL_EDITION_21_TASKS_R2/qa/MATHEMATICAL_CHECKS.json,1711,C39E74CB579A3AA4C98189BA9BBAF8AFEB142C13E8C4722230143139B8C6D49D,outer_r2_payload
02,GAL1897_POST_P13_GPT_CRITICAL_EDITION_21_TASKS_R2/qa/PDFFONTS_CRITICAL.txt,GAL1897_GPT_CRITICAL_EDITION_R2_FULL.zip,GAL1897_POST_P13_GPT_CRITICAL_EDITION_21_TASKS_R2/qa/PDFFONTS_CRITICAL.txt,851,37A4CC5D3AD2672BC64769EF0C4A2DE6EA3E5CA251E651A5F30F7E5123ED0AC3,outer_r2_payload
02,GAL1897_POST_P13_GPT_CRITICAL_EDITION_21_TASKS_R2/qa/PDFFONTS_READER.txt,GAL1897_GPT_CRITICAL_EDITION_R2_FULL.zip,GAL1897_POST_P13_GPT_CRITICAL_EDITION_21_TASKS_R2/qa/PDFFONTS_READER.txt,4329,0EEBF67C58B97578CFDF31C1F5F3283ECA29CBE0FDCB168B4F390293C3D64825,outer_r2_payload
02,GAL1897_POST_P13_GPT_CRITICAL_EDITION_21_TASKS_R2/qa/PDFIMAGES_CRITICAL.txt,GAL1897_GPT_CRITICAL_EDITION_R2_FULL.zip,GAL1897_POST_P13_GPT_CRITICAL_EDITION_21_TASKS_R2/qa/PDFIMAGES_CRITICAL.txt,372,16EEF8260F4F54B6E09DCDFCF4A9D8212E72BEA9ACF7DAA28577B3F9B4E5CCE7,outer_r2_payload
02,GAL1897_POST_P13_GPT_CRITICAL_EDITION_21_TASKS_R2/qa/PDFIMAGES_READER.txt,GAL1897_GPT_CRITICAL_EDITION_R2_FULL.zip,GAL1897_POST_P13_GPT_CRITICAL_EDITION_21_TASKS_R2/qa/PDFIMAGES_READER.txt,1116,D6B17E97188138DEDAFEC57D8026F7F2E00923A5E26578F7C2154E53AADA80DC,outer_r2_payload
02,GAL1897_POST_P13_GPT_CRITICAL_EDITION_21_TASKS_R2/qa/PDF_PIXEL_REPLAY.json,GAL1897_GPT_CRITICAL_EDITION_R2_FULL.zip,GAL1897_POST_P13_GPT_CRITICAL_EDITION_21_TASKS_R2/qa/PDF_PIXEL_REPLAY.json,70587,FBC38C749D53A990B1F421DEF320D93B45AFCBF7DBF8F010EAB47156CFAA86A7,outer_r2_payload
02,GAL1897_POST_P13_GPT_CRITICAL_EDITION_21_TASKS_R2/qa/PDF_PREFLIGHT_CRITICAL.json,GAL1897_GPT_CRITICAL_EDITION_R2_FULL.zip,GAL1897_POST_P13_GPT_CRITICAL_EDITION_21_TASKS_R2/qa/PDF_PREFLIGHT_CRITICAL.json,294,E0CA758CC11092BB7FF439C6074254AA17416124EA14AB64B27FBAC81456E4A0,outer_r2_payload
02,GAL1897_POST_P13_GPT_CRITICAL_EDITION_21_TASKS_R2/qa/PDF_PREFLIGHT_READER.json,GAL1897_GPT_CRITICAL_EDITION_R2_FULL.zip,GAL1897_POST_P13_GPT_CRITICAL_EDITION_21_TASKS_R2/qa/PDF_PREFLIGHT_READER.json,320,5BA1FE3EBB0CFC7D610662BDE39BAB536FAF7C76291B48F2609F3191BE617BC1,outer_r2_payload
02,GAL1897_POST_P13_GPT_CRITICAL_EDITION_21_TASKS_R2/qa/RENDERER_PARITY_SUMMARY.json,GAL1897_GPT_CRITICAL_EDITION_R2_FULL.zip,GAL1897_POST_P13_GPT_CRITICAL_EDITION_21_TASKS_R2/qa/RENDERER_PARITY_SUMMARY.json,12123,0F086F21682170BB6A6CF9D622B98075CE37E51F7A6C1350E14DE7435E89F38A,outer_r2_payload
02,GAL1897_POST_P13_GPT_CRITICAL_EDITION_21_TASKS_R2/qa/cold_audit.py,GAL1897_GPT_CRITICAL_EDITION_R2_FULL.zip,GAL1897_POST_P13_GPT_CRITICAL_EDITION_21_TASKS_R2/qa/cold_audit.py,22697,1A5188C77E6EAFA390B55651F6F9644A2234FA5744E8785A4E1473BC0A60AC6A,outer_r2_payload
02,GAL1897_POST_P13_GPT_CRITICAL_EDITION_21_TASKS_R2/qa/critical_contact_1.jpg,GAL1897_GPT_CRITICAL_EDITION_R2_FULL.zip,GAL1897_POST_P13_GPT_CRITICAL_EDITION_21_TASKS_R2/qa/critical_contact_1.jpg,431084,0489C492D1E67EC79075A2B6AA507560232BE08F7A08453667CD86324923727C,outer_r2_payload
02,GAL1897_POST_P13_GPT_CRITICAL_EDITION_21_TASKS_R2/qa/critical_contact_2.jpg,GAL1897_GPT_CRITICAL_EDITION_R2_FULL.zip,GAL1897_POST_P13_GPT_CRITICAL_EDITION_21_TASKS_R2/qa/critical_contact_2.jpg,485975,DA0C57C14B17730942105803ABAD0DF5DC2640CE8A9A485747C5812C1CD456F4,outer_r2_payload
02,GAL1897_POST_P13_GPT_CRITICAL_EDITION_21_TASKS_R2/qa/verify_math.py,GAL1897_GPT_CRITICAL_EDITION_R2_FULL.zip,GAL1897_POST_P13_GPT_CRITICAL_EDITION_21_TASKS_R2/qa/verify_math.py,4857,3D060E95B8ACED1E7315BD408EC569D65B2D15806682C4332A49501485CD90A0,outer_r2_payload
