worker_id,error_id,pdf_page1,jp2_leaf,region,printed_form,normalized_form_not_applied,classification,source_disposition,required_action,transaction_state,evidence_ids,editorial_instruction,critical_normalization_for_future_layer,source_layer_rule,translation_or_critical_layer_rule,proof_status,proof_summary,proof_artifact
W02,W02-PE001,025,L0024,lower half; line break déve-/veloppent,déveveloppent,développent,definite_1897_printed_error,source_error,patch,staged_isolated,W02-E025A,Preserve déveveloppent in the source-faithful French layer; any correction belongs only in a visibly separate critical note.,développent,Preserve the 1897 printed form exactly; do not silently correct or modernize.,Normalization is permitted only in a visibly distinct later layer accompanied by an explicit erratum and the cited proof certificate; the French source-faithful TeX remains unchanged.,proved_philologically,"The 1897 line carry reads 'déve-' followed by 'veloppent', yielding the duplicated sequence 'déveveloppent'. French syntax and morphology require 'développent'; the error is nevertheless retained verbatim in the 1897 French layer.",W02-E025A; expanded_worker_returns/W02_PDF024-029_INTRODUCTION/PRINTED_ERRORS.csv
W03,W03-PE001,035,L0034,upper text block; conjugate-root display and immediately following prose,a + 1/(-1/B) = a - B; a - B,p + 1/(-1/B) = p - B; p - B,definite_1897_printed_letter_error,source_error,patch,staged_isolated,W03-E035A;W03-MATH035A,Preserve each printed a in the source-faithful layer. A correction to p belongs only in a visibly separate critical apparatus.,p + 1/(-1/B) = p - B; p - B,Preserve the 1897 printed form exactly; do not silently correct or modernize.,Normalization is permitted only in a visibly distinct later layer accompanied by an explicit erratum and the cited proof certificate; the French source-faithful TeX remains unchanged.,proved_symbolically,"From x=p+1/A and conjugate(A)=-1/B, conjugation gives p+1/(-1/B)=p-B. The printed letter a is inconsistent with the established variable p.",expanded_worker_returns/W03_PDF030-037_CONTINUED_FRACTIONS/FORMULA_CHECKS.json#page035_letter_error
W03,W03-PE002,035,L0034,upper text block; sentence following conjugate-root display,compris entre 0 et 1,compris entre 0 et -1,definite_1897_printed_sign_error,source_error,patch,staged_isolated,W03-E035A;W03-MATH035B,Preserve the printed positive 1. The algebraic interval correction is ledgered but not silently inserted.,-1 < p-B < 0,Preserve the 1897 printed form exactly; do not silently correct or modernize.,Normalization is permitted only in a visibly distinct later layer accompanied by an explicit erratum and the cited proof certificate; the French source-faithful TeX remains unchanged.,proved_symbolically,"Writing B=p+r with 0<r<1 gives p-B=-r, hence -1<p-B<0. The printed interval between 0 and 1 has the wrong sign.",expanded_worker_returns/W03_PDF030-037_CONTINUED_FRACTIONS/FORMULA_CHECKS.json#page035_interval_sign_error
W03,W03-PE003,037,L0036,middle of page; second expression in les deux valeurs de x display,x = 3 - 1/A (printed as the full staircase reciprocal of the positive y expansion),x = 3 - A,definite_1897_printed_formula_error,source_error,patch,staged_isolated,W03-E037A;W03-MATH037A,Preserve the printed reciprocal display. The following final continued fraction is separately transcribed as printed and evaluates to the corrected smaller root.,x = 3 - A,Preserve the 1897 printed form exactly; do not silently correct or modernize.,Normalization is permitted only in a visibly distinct later layer accompanied by an explicit erratum and the cited proof certificate; the French source-faithful TeX remains unchanged.,proved_symbolically,"Substitution shows 3-A has zero residual in 3x^2-16x+18, whereas the printed 3-1/A has residual -4(-1+sqrt(10))/3 and is not a root.",expanded_worker_returns/W03_PDF030-037_CONTINUED_FRACTIONS/FORMULA_CHECKS.json#page037_correct_second_x;#page037_printed_second_x_error
W04,W04-SE001,038,L0037,§ I theorem; first displayed quotient,"Soient Fx et fx deux fonctions quelconques données; on aura, quels que soient x et h, [quotient]",Require f(x+h) != f(x) before forming the quotient.,substantive_1897_missing_hypothesis,source_error,note_only,staged_isolated,W04-E038A;W04-MATH038B,Preserve the universal printed wording. Add the missing-domain condition only in a visibly separate critical or translated layer with this certificate.,Require f(x+h) != f(x) before forming the quotient.,"Preserve the 1897 printed wording exactly; do not silently correct, strengthen hypotheses, or replace the proof.",A later translation must either translate the historical claim literally with a visible erratum or place any repaired theorem/proof in a separately labelled reconstruction citing this certificate.,proved_exact_domain_counterexample,"For f identically zero, f(x+h)-f(x)=0 for every x,h, so the universally quantified quotient is undefined.",expanded_worker_returns/W04_PDF038-039_NOTES_ANALYSIS/MATHEMATICAL_ERROR_CERTIFICATES.md#W04-SE001; expanded_worker_returns/W04_PDF038-039_NOTES_ANALYSIS/FORMULA_CHECKS.json#W04-MATH038B
W04,W04-SE002,038,L0037,§ I final corollary sentence,"ce qui démontre, a priori, l'existence des fonctions dérivées",No local normalization is sufficient; the universal claim must be translated literally with an erratum or replaced only in a separately reconstructed theorem with explicit hypotheses.,substantive_1897_false_mathematical_claim,source_error,note_only,staged_isolated,W04-E038A;W04-MATH038C,Preserve the printed claim in the source-faithful layer. A future critical layer must cite the |h|/h counterexample.,No local normalization is sufficient; the universal claim must be translated literally with an erratum or replaced only in a separately reconstructed theorem with explicit hypotheses.,"Preserve the 1897 printed wording exactly; do not silently correct, strengthen hypotheses, or replace the proof.",A later translation must either translate the historical claim literally with a visible erratum or place any repaired theorem/proof in a separately labelled reconstruction citing this certificate.,proved_exact_limit_counterexample,"For F(t)=|t|, f(t)=t, x=0, the quotient is |h|/h; the right limit is 1 and the left limit is -1.",expanded_worker_returns/W04_PDF038-039_NOTES_ANALYSIS/MATHEMATICAL_ERROR_CERTIFICATES.md#W04-SE002; expanded_worker_returns/W04_PDF038-039_NOTES_ANALYSIS/FORMULA_CHECKS.json#W04-MATH038C
W04,W04-SE003,038,L0037,§ I proof; transition from k=psi(P) to P=phi(k),donc on doit avoir aussi P = phi(k),Require injectivity of psi or specify an inverse branch before defining phi.,substantive_1897_invalid_inference,source_error,note_only,staged_isolated,W04-E038A;W04-MATH038D,Preserve the printed inference. Any repair belongs only to separate critical apparatus and does not by itself repair the theorem.,Require injectivity of psi or specify an inverse branch before defining phi.,"Preserve the 1897 printed wording exactly; do not silently correct, strengthen hypotheses, or replace the proof.",A later translation must either translate the historical claim literally with a visible erratum or place any repaired theorem/proof in a separately labelled reconstruction citing this certificate.,proved_exact_logical_counterexample,A noninjective ψ with ψ(0)=ψ(1)=0 cannot admit a single-valued φ satisfying P=φ(ψ(P)) for both P=0 and P=1.,expanded_worker_returns/W04_PDF038-039_NOTES_ANALYSIS/MATHEMATICAL_ERROR_CERTIFICATES.md#W04-SE003; expanded_worker_returns/W04_PDF038-039_NOTES_ANALYSIS/FORMULA_CHECKS.json#W04-MATH038D
W04,W04-SE004,038,L0037,§ I proof; assertion that a nonconstant function with equal endpoint values has maxima and minima between them,"à moins qu'elle ne reste constante entre ces limites [...] cette fonction aura, entre x et x+h, un ou plusieurs maxima et minima",Require continuity on the closed interval (or another hypothesis guaranteeing attainment of an interior extremum).,substantive_1897_missing_regularity_hypothesis,source_error,note_only,staged_isolated,W04-E038A;W04-MATH038E,Preserve the printed proof. A future critical layer must state a regularity hypothesis before invoking an extremum argument.,Require continuity on the closed interval (or another hypothesis guaranteeing attainment of an interior extremum).,"Preserve the 1897 printed wording exactly; do not silently correct, strengthen hypotheses, or replace the proof.",A later translation must either translate the historical claim literally with a visible erratum or place any repaired theorem/proof in a separately labelled reconstruction citing this certificate.,proved_exact_extremum_counterexample,A discontinuous function with equal endpoint values can be nonconstant while attaining no maximum and having no interior local extremum; continuity or another attainment hypothesis is required.,expanded_worker_returns/W04_PDF038-039_NOTES_ANALYSIS/MATHEMATICAL_ERROR_CERTIFICATES.md#W04-SE004; expanded_worker_returns/W04_PDF038-039_NOTES_ANALYSIS/FORMULA_CHECKS.json#W04-MATH038E
W05,W05-SE001,040-041,L0039-L0040,"point 3, listed exceptions, and Dans le second cas continuation","A part les cas mentionnés ci-dessous [...] deux quelconques de ses racines étant connues, les autres s’en déduisent rationnellement.",The exception list is incomplete: a solvable primitive degree-8 affine-semilinear example has a nontrivial two-point stabilizer and is not covered by the printed congruence.,substantive_1897_too_restrictive_classification,source_error,note_only,staged_isolated,W05-E040A;W05-E041A;W05-MATH001,Preserve the printed classification. Any correction belongs only in a visibly separate critical or translated layer with the degree-8 certificate.,State the exception classification only after adding the degree-8 affine-semilinear counterexample or replacing the historical result with an explicitly reconstructed theorem.,Preserve the 1897 printed wording exactly; do not silently enlarge the exception list or rewrite the theorem.,"Translate the historical claim literally with an explicit erratum, or place a corrected theorem in a separately labelled critical reconstruction citing the exact certificate.",proved_exact_group_theoretic_counterexample,"AΓL(1,8) has order 168, derived-series orders 168,56,8,1, is two-transitive and primitive of degree 8, and has ordered two-point stabilizer order 3. Degree 8 fails the printed congruence exception. A fixed-field construction yields the required irreducible solvable degree-8 equation.",expanded_worker_returns/W05_PDF040-041_ALGEBRAIC_RESOLUTION_ANALYSIS/MATHEMATICAL_ERROR_CERTIFICATES.md#W05-SE001; expanded_worker_returns/W05_PDF040-041_ALGEBRAIC_RESOLUTION_ANALYSIS/GROUP_THEORY_CHECKS.json#affine_semilinear_degree_8
W05,W05-SE002,041,L0040,second modular result immediately before Liouville’s corrective footnote,"Au contraire, pour des degrés supérieurs, les équations modulaires ne peuvent s’abaisser.",The universal higher-degree impossibility is false for p=7 and p=11; the 1897 Liouville footnote itself records these exceptions.,substantive_1897_false_modular_impossibility,source_error,note_only,staged_isolated,W05-E041B;W05-MATH002,Preserve both the erroneous main-text sentence and Liouville’s historical correction. Do not absorb the footnote into the main text.,"A later normalized statement may list p=5,7,11 as exceptional reductions, with the historical main-text error and Liouville correction explicitly cited.",Preserve the 1897 main text and corrective footnote exactly as distinct historical apparatus.,"Translate both layers literally with an erratum, or state the corrected p=5,7,11 result only in a separately labelled critical layer.",proved_source_internal_and_exact_group_theoretic,"The corrective footnote on PDF 041 explicitly gives p=7 and p=11. Exact enumeration also finds index-7 and index-11 subgroups in PSL(2,7) and PSL(2,11), respectively.",expanded_worker_returns/W05_PDF040-041_ALGEBRAIC_RESOLUTION_ANALYSIS/MATHEMATICAL_ERROR_CERTIFICATES.md#W05-SE002; expanded_worker_returns/W05_PDF040-041_ALGEBRAIC_RESOLUTION_ANALYSIS/GROUP_THEORY_CHECKS.json#modular_exception_p7;#modular_exception_p11
W06,W06-PE001,042,L0041,second radical display and immediately following one-above/one-below sentence,x = psi x = nth_root( X / (x^n/Y) ),Critical reconstruction candidate: x = psi x = nth_root( Y / (X/x^n) ),definite_1897_printed_formula_error,source_error,note_only,staged_isolated,W06-E042B;W06-E1846;W06-MATH001,Preserve the printed X numerator and x^n/Y denominator and preserve the following printed claim. Any symmetric correction belongs only in visibly separate critical apparatus with the exact certificate; the 1846 repetition is not a correcting variant.,A separately labelled critical reconstruction may use psi_sym(x)=nth_root(Y/(X/x^n)) and must state that it is an editorial reconstruction rather than an 1897 reading.,Preserve the 1897 printed radical and following prose exactly; do not silently exchange X and Y or alter the quotient.,"Translate the historical formula literally with a visible erratum, or place the symmetric fixed-point form only in a separately labelled critical layer citing the exact counterexample.",proved_symbolically,"For n=2, X=x^2+1, Y=3x, the fixed-point polynomial for the printed map has gcd 1 with F=x^2-3x+1, so neither root of F is fixed. A second exact example at x=1 gives both printed maps greater than x, refuting the claimed opposite-side behavior.",expanded_worker_returns/W06_PDF042-043_NUMERICAL_EQUATIONS/MATHEMATICAL_ERROR_CERTIFICATES.md#W06-PE001; expanded_worker_returns/W06_PDF042-043_NUMERICAL_EQUATIONS/FORMULA_CHECKS.json#W06-MATH001A-W06-MATH001D
W06,W06-SE001,043,L0042,identical strict inequalities and prescription of k at x=1,"nX-xXprime > 0, nY-xYprime > 0; take k=(nX-xXprime) at x=1","For X=sum c_j x^j with c_j>=0, nX-xXprime=sum_{j<n}(n-j)c_jx^j; strict positivity on x>0 is equivalent to at least one positive coefficient below degree n. Require the analogous condition for Y.",substantive_1897_missing_nonvanishing_hypothesis,source_error,note_only,staged_isolated,W06-E043A;W06-MATH002,Preserve both strict inequalities and the k prescription. A future critical or translated layer must state the missing nonvanishing or lower-degree-term hypothesis explicitly and cite the zero-k counterexample.,"For X=sum c_j x^j with c_j>=0, nX-xXprime=sum_{j<n}(n-j)c_jx^j; strict positivity on x>0 is equivalent to at least one positive coefficient below degree n. Require the analogous condition for Y.",Preserve the 1897 strict inequalities and prescribed value of k exactly; do not silently weaken the inequalities or add hypotheses.,"Translate literally with an erratum, or state the corrected nonnegative identity and added nonvanishing hypothesis only in a separately labelled critical reconstruction.",proved_exact_polynomial_counterexample,The exact coefficient identity proves nonnegativity. Strict positivity holds exactly when a lower-degree coefficient is positive; X=x^n gives zero identically. Thus the printed k is positive exactly under the added lower-degree-term hypothesis.,expanded_worker_returns/W06_PDF042-043_NUMERICAL_EQUATIONS/MATHEMATICAL_ERROR_CERTIFICATES.md#W06-SE001; expanded_worker_returns/W06_PDF042-043_NUMERICAL_EQUATIONS/FORMULA_CHECKS.json#W06-MATH002; P06_REQUIRED_HYPOTHESIS_RECHECK.md; expanded_worker_returns/W07_PDF044-053_NUMBER_THEORY/FORMULA_CHECKS.json#W07-MATH000A-W07-MATH000B
W07,W07-SE001,046,L0045,first historical footnote after Frobenius-root list,x^2+x+1=0 mod 2 is offered as an example showing the roots are not expressible by radicals because the ordinary quadratic formula reduces to 0/0.,A nontrivial root alpha satisfies alpha^3=1 and is itself a radical (a cube root of unity); 0/0 only shows degeneration of that formula in characteristic 2.,invalid_counterexample_to_nonradical_expressibility,source_error,note_only,staged_isolated,W07-E046A;W07-E1846;W07-MATH001,Preserve the complete footnote. Any correction belongs only in visibly separate critical/translation apparatus.,"Replace the alleged counterexample only in a critical note; state that the roots are cube roots of unity and that 0/0 diagnoses formula degeneration, not non-radicality.","Preserve the 1897 printed wording and formulas exactly; do not silently repair, qualify, or replace them.","Translate the historical claim literally with a visible erratum, or place any repaired statement/proof in a separately labelled critical reconstruction citing the exact certificate.",proved_exact_finite_field,A root alpha of x^2+x+1 over F_2 satisfies alpha^3=1 and is a nontrivial cube root of unity; degeneration of the characteristic-zero quadratic formula to 0/0 is not a non-radicality proof.,expanded_worker_returns/W07_PDF044-053_NUMBER_THEORY/MATHEMATICAL_ERROR_CERTIFICATES.md#W07-SE001; expanded_worker_returns/W07_PDF044-053_NUMBER_THEORY/FORMULA_CHECKS.json#W07-MATH001
W07,W07-SE002,049,L0048,Newton/Fermat reduction for (a+a_1 i)^19,a^{m(p-1)}=1 and a_1^{m(p-1)}=1 are used without a nonzero qualification.,"Require a!=0 and a_1!=0 modulo p for these reductions; the chosen values a=-1,a_1=1 satisfy the missing condition.",missing_nonzero_hypotheses,source_error,note_only,staged_isolated,W07-E049A;W07-MATH011A;W07-MATH011B,Preserve the printed reductions and successful chosen pair; state the domain restriction only in a critical layer.,Add the hypotheses a!=0 and a_1!=0 modulo p to the Fermat reduction; leave the chosen pair and subsequent conclusion unchanged.,"Preserve the 1897 printed wording and formulas exactly; do not silently repair, qualify, or replace them.","Translate the historical claim literally with a visible erratum, or place any repaired statement/proof in a separately labelled critical reconstruction citing the exact certificate.",proved_exact_finite_field,"Fermat reduction u^{p-1}=1 requires u nonzero. Exact enumeration verifies the printed expansion for all 36 nonzero pairs and finds exactly 12 failures where exactly one of a,a_1 is zero; the selected pair (-1,1) is valid.",expanded_worker_returns/W07_PDF044-053_NUMBER_THEORY/MATHEMATICAL_ERROR_CERTIFICATES.md#W07-SE002; expanded_worker_returns/W07_PDF044-053_NUMBER_THEORY/FORMULA_CHECKS.json#W07-MATH011A;W07-MATH011B
W07,W07-SE003,050,L0049,"preparation of F by removing gcd(F,Fprime)",The same derivative-gcd method as for ordinary equations is said always to remove repeated roots.,"In characteristic p, Fprime may vanish identically; a p-th-root extraction branch is required before recursive squarefree reduction.",incomplete_squarefree_method_in_characteristic_p,source_error,note_only,staged_isolated,W07-E050A;W07-MATH003,Preserve the historical method statement; attach the inseparability qualification only as critical apparatus.,"Add the characteristic-p inseparability branch: when Fprime=0, extract the p-th root and recurse before squarefree reduction.","Preserve the 1897 printed wording and formulas exactly; do not silently repair, qualify, or replace them.","Translate the historical claim literally with a visible erratum, or place any repaired statement/proof in a separately labelled critical reconstruction citing the exact certificate.",proved_exact_polynomial_counterexample,"For F=x^3-1=(x-1)^3 over F_3, Fprime=0 and F/gcd(F,Fprime)=1, losing the root. A p-th-root extraction branch is necessary.",expanded_worker_returns/W07_PDF044-053_NUMBER_THEORY/MATHEMATICAL_ERROR_CERTIFICATES.md#W07-SE003; expanded_worker_returns/W07_PDF044-053_NUMBER_THEORY/FORMULA_CHECKS.json#W07-MATH003
W07,W07-SE004,050,L0049,gcd procedure for integral solutions,"Integral solutions are obtained from gcd(F,x^{p-1}-1).","This detects only nonzero residues. Use x^p-x for all residues, or test/remove x=0 separately.",zero_residue_omitted,source_error,note_only,staged_isolated,W07-E050A;W07-MATH004,Preserve x^{p-1}=1 in the French layer; any all-residue repair must be explicit.,"Use x^p-x to detect all integral residues, or test/remove the zero root separately.","Preserve the 1897 printed wording and formulas exactly; do not silently repair, qualify, or replace them.","Translate the historical claim literally with a visible erratum, or place any repaired statement/proof in a separately labelled critical reconstruction citing the exact certificate.",proved_exact_polynomial_counterexample,"For F=x, zero is an integral solution but gcd(x,x^{p-1}-1)=1. All residues are roots of x^p-x, or zero must be handled separately.",expanded_worker_returns/W07_PDF044-053_NUMBER_THEORY/MATHEMATICAL_ERROR_CERTIFICATES.md#W07-SE004; expanded_worker_returns/W07_PDF044-053_NUMBER_THEORY/FORMULA_CHECKS.json#W07-MATH004
W07,W07-SE005,050,L0049,gcd procedure for imaginary solutions of order nu,"Solutions of order nu are said to be given by gcd(F,x^{p^nu-1}-1).",The polynomial also contains every nonzero element of proper subfields whose degree divides nu; exact-degree isolation requires removal of proper-subfield factors (and separate zero handling).,proper_subfield_factors_not_removed,source_error,note_only,staged_isolated,W07-E050A;W07-MATH005,Preserve the printed gcd prescription; defer a full exact-degree repair and propagation analysis to the bounded post-completion audit.,"After finding roots in F_{p^nu}, remove all proper-subfield factors to isolate exact degree nu; handle zero separately.","Preserve the 1897 printed wording and formulas exactly; do not silently repair, qualify, or replace them.","Translate the historical claim literally with a visible erratum, or place any repaired statement/proof in a separately labelled critical reconstruction citing the exact certificate.",proved_exact_polynomial_counterexample,"Every nonzero proper-subfield element satisfies x^{p^nu-1}=1 when its degree divides nu; for p=3,nu=2, the degree-one element 1 is included. Exact-degree factors must exclude proper subfields.",expanded_worker_returns/W07_PDF044-053_NUMBER_THEORY/MATHEMATICAL_ERROR_CERTIFICATES.md#W07-SE005; expanded_worker_returns/W07_PDF044-053_NUMBER_THEORY/FORMULA_CHECKS.json#W07-MATH005
W08,W08-PE001,058,L0057,p=11 representative upper row,"infinity, 1, 3, 5, 5, 9","infinity, 1, 3, 4, 5, 9",duplicated_representative_and_omitted_projective_point,source_error,note_only,staged_isolated,W08-E058A;W08-E1846A;W08-MATH001;W08-MATH002;W08-MATH003,Preserve the second printed 5 in the 1897 French layer. Record 4 only in visibly separate critical/translation apparatus with the exact partition proof.,"infinity, 1, 3, 4, 5, 9",Preserve the 1897 printed form exactly; do not silently repair it or fuse another witness into the French source layer.,"A later translation or critical reconstruction may normalize only with a visible erratum, exact source coordinates, and the cited proof/provenance certificate.",proved_exact_finite_set_group_and_secondary_witness,"The printed upper row contains six positions but only five distinct projective points; together with the lower row it duplicates 5 and omits 4. The 1846 publication supplies 4. Exact enumeration verifies the corrected partition of P^1(F_11), |PSL(2,11)|=660, and a matching stabilizer of order 60 and index 11.",expanded_worker_returns/W08_PDF054-061_CHEVALIER_LETTER/MATHEMATICAL_ERROR_CERTIFICATES.md#W08-PE001; expanded_worker_returns/W08_PDF054-061_CHEVALIER_LETTER/FORMULA_CHECKS.json#W08-MATH001-W08-MATH007; expanded_worker_returns/W08_PDF054-061_CHEVALIER_LETTER/figures/FIGURE_PROVENANCE.csv
W08,W08-PE002,058,L0057,"sentence following p=5,7,11 modular-equation lowering","En toute rigueur, cette équation n’est pas possible dans les cas plus élevés.","En toute rigueur, cette réduction n’est pas possible dans les cas plus élevés.",editorial_word_substitution_attested_by_1846_and_1908_collation,source_error,note_only,staged_isolated,W08-E058B;W08-E1846A;W08-E1908A,Preserve “équation” in the 1897 French layer. Any “réduction” correction must be explicit critical apparatus.,"En toute rigueur, cette réduction n’est pas possible dans les cas plus élevés.",Preserve the 1897 printed form exactly; do not silently repair it or fuse another witness into the French source layer.,"A later translation or critical reconstruction may normalize only with a visible erratum, exact source coordinates, and the cited proof/provenance certificate.",proved_by_direct_1846_and_1908_witness_collation,The 1897 page visibly prints “équation”; the 1846 publication prints “réduction”; and Tannery’s 1908 collation explicitly reports that the 1897 edition substituted “équation” for the manuscript/Liouville “réduction”.,expanded_worker_returns/W08_PDF054-061_CHEVALIER_LETTER/MATHEMATICAL_ERROR_CERTIFICATES.md#W08-PE002; expanded_worker_returns/W08_PDF054-061_CHEVALIER_LETTER/EDITORIAL_COLLATION_NOTES.md; expanded_worker_returns/W08_PDF054-061_CHEVALIER_LETTER/figures/FIGURE_PROVENANCE.csv
W09,W09-PE001,065,L0064,Lemma II statement,en permutant dans celle fonction,en permutant dans cette fonction,definite_demonstrative_lexeme_error,source_error,note_only,staged_isolated,W09-E065;W09-E1846-040,Preserve “celle fonction” in the 1897 French layer; “cette fonction” belongs only in explicitly labelled critical or translation apparatus.,en permutant dans cette fonction,Preserve the 1897 printed form exactly; do not silently repair it or fuse another witness into the French source layer.,"A later translation or critical reconstruction may normalize only with a visible erratum, exact source coordinates, and the cited proof/provenance certificate.",proved_by_primary_image_and_1846_collation,The 1897 page visibly prints “celle fonction”; the 1846 publication prints “cette fonction”. The witnessed correction is confined to apparatus.,expanded_worker_returns/W09_PDF062-079_RADICALS_MEMOIR/PRINTED_ERRORS.csv; expanded_worker_returns/W09_PDF062-079_RADICALS_MEMOIR/EDITORIAL_COLLATION_NOTES.md
W09,W09-PE002,071,L0070,Chevalier/Liouville historical note to Proposition III,proprieté,propriété,definite_missing_diacritic_typographical_error,source_error,note_only,staged_isolated,W09-E071,Preserve “proprieté” in the 1897 French layer; normalize only in an explicitly labelled critical or translation layer.,propriété,Preserve the 1897 printed form exactly; do not silently repair it or fuse another witness into the French source layer.,"A later translation or critical reconstruction may normalize only with a visible erratum, exact source coordinates, and the cited proof/provenance certificate.",proved_by_direct_primary_image_inspection,The 1897 historical note visibly prints “proprieté” without the accent; the typographical error is retained in the diplomatic layer.,expanded_worker_returns/W09_PDF062-079_RADICALS_MEMOIR/PRINTED_ERRORS.csv; expanded_worker_returns/W09_PDF062-079_RADICALS_MEMOIR/CHECKPOINT_CORRECTION_REPORT.md
W09,W09-SE001,065-066,L0064-L0065,Lemma III proof,"The unique common root is said to be “sought”, and the root is therefore declared rational in V.","In K(V)[X], prove that the relevant gcd is X-a and use the Euclidean algorithm/Bézout identity to obtain a in K(V).",incomplete_proof_missing_gcd_bezout_step,source_error,note_only,staged_isolated,W09-E065;W09-E066;W09-E1908-014;W09-MATH001,Preserve the printed proof. Put the complete gcd/Bézout argument only in critical apparatus and propagate its use to Proposition I.,"In K(V)[X], prove that the relevant gcd is X-a and use the Euclidean algorithm/Bézout identity to obtain a in K(V).",Preserve the 1897 printed form exactly; do not silently repair it or fuse another witness into the French source layer.,"A later translation or critical reconstruction may normalize only with a visible erratum, exact source coordinates, and the cited proof/provenance certificate.",proved_by_exact_repair_or_counterexample,"Lemma III is repairable: in K(V)[X], the gcd of the original polynomial and the V-relation is X−a; a Bézout identity then expresses a rationally in V. The printed proof omits this decisive step, as the 1908 collation also reports.",expanded_worker_returns/W09_PDF062-079_RADICALS_MEMOIR/MATHEMATICAL_ERROR_CERTIFICATES.md#W09-SE001
W09,W09-SE002,069-070,L0068-L0069,Proposition II statement and proof,"After adjoining a root of an irreducible auxiliary equation, the group is unchanged or divides into p equal groups, although the prime-degree phrase defining p was deleted.","Let L be the original splitting field, M=K(r), E=L∩M, and H=Gal(L/E); then [G:H]=[E:K] divides [M:K]. The printed dichotomy follows when [M:K] is prime, not in arbitrary composite degree.",undefined_parameter_and_false_composite_degree_generality,source_error,note_only,staged_isolated,W09-E069;W09-E070;W09-E1908-015;W09-E1908-016;W09-MATH005;W09-MATH006,Preserve the 1897 theorem and historical note. State the field-intersection theorem only in a visibly distinct repaired layer.,"Let L be the original splitting field, M=K(r), E=L∩M, and H=Gal(L/E); then [G:H]=[E:K] divides [M:K]. The printed dichotomy follows when [M:K] is prime, not in arbitrary composite degree.",Preserve the 1897 printed form exactly; do not silently repair it or fuse another witness into the French source layer.,"A later translation or critical reconstruction may normalize only with a visible erratum, exact source coordinates, and the cited proof/provenance certificate.",proved_by_exact_repair_or_counterexample,"The correct field-intersection identity gives subgroup index [L∩K(r):K], which divides the auxiliary degree. The printed unchanged-or-p-equal-groups dichotomy follows in the deleted prime-degree setting but is false for arbitrary composite degree; the exact degree-four counterexample is recorded.",expanded_worker_returns/W09_PDF062-079_RADICALS_MEMOIR/MATHEMATICAL_ERROR_CERTIFICATES.md#W09-SE002
W09,W09-SE003,070-071,L0069-L0070,Proposition III,The revised theorem is printed without its proof (“On trouvera la démonstration”).,"If M is the splitting field of the auxiliary equation and E=L∩M, then E/K is normal; hence H=Gal(L/E) is normal in G and the conjugate groups have the same substitution set.",missing_proof_requiring_normal_intersection_argument,source_error,note_only,staged_isolated,W09-E070;W09-E071;W09-E1908-017,Preserve the unproved printed statement and historical note; supply the normal-intersection proof only in critical apparatus.,"If M is the splitting field of the auxiliary equation and E=L∩M, then E/K is normal; hence H=Gal(L/E) is normal in G and the conjugate groups have the same substitution set.",Preserve the 1897 printed form exactly; do not silently repair it or fuse another witness into the French source layer.,"A later translation or critical reconstruction may normalize only with a visible erratum, exact source coordinates, and the cited proof/provenance certificate.",proved_by_exact_repair_or_counterexample,"With L and M the two splitting fields and E=L∩M, normality of E/K makes H=Gal(L/E) normal in G. This proves the revised Proposition III, but the 1897 text itself supplies no proof.",expanded_worker_returns/W09_PDF062-079_RADICALS_MEMOIR/MATHEMATICAL_ERROR_CERTIFICATES.md#W09-SE003
W09,W09-SE004,073,L0072,Proposition V Fourier/Lagrange resolvent argument,The proof adjoins the p-th root of one specifically displayed Fourier combination raised to p.,That selected coefficient may vanish. Choose a nonzero nontrivial Fourier coefficient; discrete Fourier inversion proves one exists for every nonconstant orbit.,proof_gap_selected_resolvent_can_vanish,source_error,note_only,staged_isolated,W09-E073;W09-MATH001;W09-MATH002;W09-MATH004,Preserve the displayed source formula; supply nonvanishing selection only in critical proof reconstruction.,That selected coefficient may vanish. Choose a nonzero nontrivial Fourier coefficient; discrete Fourier inversion proves one exists for every nonconstant orbit.,Preserve the 1897 printed form exactly; do not silently repair it or fuse another witness into the French source layer.,"A later translation or critical reconstruction may normalize only with a visible erratum, exact source coordinates, and the cited proof/provenance certificate.",proved_by_exact_repair_or_counterexample,The specifically displayed Fourier coefficient can vanish for a nonconstant orbit. Fourier inversion proves that some nontrivial coefficient is nonzero; the critical repair must select such a coefficient instead of assuming the displayed one.,expanded_worker_returns/W09_PDF062-079_RADICALS_MEMOIR/MATHEMATICAL_ERROR_CERTIFICATES.md#W09-SE004
W09,W09-SE005,075,L0074,Proposition VI final inference,An irreducible prime-degree equation is said not to become reducible unless its group reduces to one permutation.,"The inference requires the inherited roots-of-unity/Kummer normality context. Over Q, x^3-2 becomes reducible after adjoining its real cube root while a quadratic factor and residual group of order 2 remain.",false_unconditional_assertion_missing_kummer_normality_context,source_error,note_only,staged_isolated,W09-E075;W09-MATH007;W09-MATH008,Preserve the printed sentence. State the Kummer/normality hypotheses only in a critical layer and propagate the dependency to Proposition VII.,"The inference requires the inherited roots-of-unity/Kummer normality context. Over Q, x^3-2 becomes reducible after adjoining its real cube root while a quadratic factor and residual group of order 2 remain.",Preserve the 1897 printed form exactly; do not silently repair it or fuse another witness into the French source layer.,"A later translation or critical reconstruction may normalize only with a visible erratum, exact source coordinates, and the cited proof/provenance certificate.",proved_by_exact_repair_or_counterexample,The unconditional final sentence fails for x^3−2 after adjoining one real cube root: the equation becomes reducible while the residual splitting group is C2. A roots-of-unity/Kummer normality context is required.,expanded_worker_returns/W09_PDF062-079_RADICALS_MEMOIR/MATHEMATICAL_ERROR_CERTIFICATES.md#W09-SE005
W09,W09-SE006,078,L0077,Proposition VIII necessity argument,"The affine substitution x_k↦x_{ak+b} is said never to leave two letters in place, with no exclusion of the identity.","Insert “nonidentity”: the identity a=1,b=0 fixes every letter; every nonidentity affine map fixes at most one point.",omitted_nonidentity_quantifier,source_error,note_only,staged_isolated,W09-E078;W09-MATH009;W09-MATH015,Preserve the printed sentence; add the missing quantifier only in critical or expository apparatus. The theorem’s repaired argument remains valid.,"Insert “nonidentity”: the identity a=1,b=0 fixes every letter; every nonidentity affine map fixes at most one point.",Preserve the 1897 printed form exactly; do not silently repair it or fuse another witness into the French source layer.,"A later translation or critical reconstruction may normalize only with a visible erratum, exact source coordinates, and the cited proof/provenance certificate.",proved_by_exact_repair_or_counterexample,"The identity affine map fixes every letter, while each nonidentity affine map fixes at most one. The necessity argument is repaired by inserting the omitted nonidentity qualifier.",expanded_worker_returns/W09_PDF062-079_RADICALS_MEMOIR/MATHEMATICAL_ERROR_CERTIFICATES.md#W09-SE006
W10,W10-PE001,082,L0081,general form of the indexed letters,"a_{k_1,k_1,k_3,\ldots,k_\mu}","a_{k_1,k_2,k_3,\ldots,k_\mu}",definite_repeated_second_index,source_error,note_only,staged_isolated,W10-E082;W10-E1908-022,Preserve the duplicate k_1 in the 1897 layer; Tannery’s k_2 correction belongs only in critical apparatus.,"a_{k_1,k_2,k_3,\ldots,k_\mu}",Preserve the 1897 printed form exactly; do not silently repair it or fuse another witness into the French source layer.,"A later translation or critical reconstruction may normalize only with a visible erratum, exact source coordinates, and the cited proof/provenance certificate.",proved_philologically_and_by_1908_collation,The index declaration and Tannery collation establish that the second printed k_1 is a repetition for k_2.,expanded_worker_returns/W10_PDF080-091_PRIMITIVE_EQUATIONS/MATHEMATICAL_ERROR_CERTIFICATES.md#W10-PE001
W10,W10-PE002,082,L0081,general form of substitutions in H,\psi(k)_2,\psi(k_2),definite_misplaced_index,source_error,note_only,staged_isolated,W10-E082;W10-E1908-022,Preserve the printed subscript placement; normalize only in a labelled critical/translation layer.,\psi(k_2),Preserve the 1897 printed form exactly; do not silently repair it or fuse another witness into the French source layer.,"A later translation or critical reconstruction may normalize only with a visible erratum, exact source coordinates, and the cited proof/provenance certificate.",proved_philologically_and_by_1908_collation,Coordinate parallelism and Tannery collation establish psi(k_2) as the critical reading.,expanded_worker_returns/W10_PDF080-091_PRIMITIVE_EQUATIONS/MATHEMATICAL_ERROR_CERTIFICATES.md#W10-PE002
W10,W10-PE003,083,L0082,prime-degree action on horizontal lines,a_{mk_1+n k_2},"a_{mk_1+n,k_2}",definite_missing_index_separator,source_error,note_only,staged_isolated,W10-E083;W10-E1908-022,Preserve the single malformed subscript in the diplomatic TeX; the two-index repair is critical apparatus only.,"a_{mk_1+n,k_2}",Preserve the 1897 printed form exactly; do not silently repair it or fuse another witness into the French source layer.,"A later translation or critical reconstruction may normalize only with a visible erratum, exact source coordinates, and the cited proof/provenance certificate.",proved_by_coordinate_structure_and_1908_collation,The source transformation acts on two indices; Tannery restores the missing separator and unchanged second coordinate.,expanded_worker_returns/W10_PDF080-091_PRIMITIVE_EQUATIONS/MATHEMATICAL_ERROR_CERTIFICATES.md#W10-PE003
W10,W10-PE004,083,L0082,general form of substitutions in H,"a_{k_2,k_3}","a_{k_1,k_2}",definite_wrong_source_indices,source_error,note_only,staged_isolated,W10-E083,"Preserve k_2,k_3 in the 1897 layer; record k_1,k_2 only as the contextually forced repair.","a_{k_1,k_2}",Preserve the 1897 printed form exactly; do not silently repair it or fuse another witness into the French source layer.,"A later translation or critical reconstruction may normalize only with a visible erratum, exact source coordinates, and the cited proof/provenance certificate.",proved_by_local_index_domain,"Only k_1,k_2 are the established coordinate pair in this section; k_2,k_3 is not a map on the introduced domain.",expanded_worker_returns/W10_PDF080-091_PRIMITIVE_EQUATIONS/MATHEMATICAL_ERROR_CERTIFICATES.md#W10-PE004
W10,W10-PE005,084,L0083,display (A),a_{m_1k_1+n_1k+\alpha_1m_2k_1+n_2k_2+\alpha_2},"a_{m_1k_1+n_1k_2+\alpha_1,\,m_2k_1+n_2k_2+\alpha_2}",definite_malformed_affine_pair,source_error,note_only,staged_isolated,W10-E084;W10-E1908-022,Preserve the malformed one-subscript formula; Tannery’s mathematically corrected two-coordinate affine map is apparatus only.,"a_{m_1k_1+n_1k_2+\alpha_1,\,m_2k_1+n_2k_2+\alpha_2}",Preserve the 1897 printed form exactly; do not silently repair it or fuse another witness into the French source layer.,"A later translation or critical reconstruction may normalize only with a visible erratum, exact source coordinates, and the cited proof/provenance certificate.",proved_by_affine_structure_and_1908_collation,Tannery’s two-coordinate affine formula is the unique form compatible with the finite-difference condition and correctly printed continuation.,expanded_worker_returns/W10_PDF080-091_PRIMITIVE_EQUATIONS/MATHEMATICAL_ERROR_CERTIFICATES.md#W10-PE005
W10,W10-PE006,088,L0087,fixed-point equation for the projective substitution,(rk+s)k-m(mk+n)=0,(rk+s)k-(mk+n)=0,definite_extra_factor_m,source_error,note_only,staged_isolated,W10-E088;W10-E1846-064;W10-MATH001,Preserve the extra factor m. The printed discriminant proves that the critical equation omits this factor; the 1846 witness already carries the same defect.,(rk+s)k-(mk+n)=0,Preserve the 1897 printed form exactly; do not silently repair it or fuse another witness into the French source layer.,"A later translation or critical reconstruction may normalize only with a visible erratum, exact source coordinates, and the cited proof/provenance certificate.",proved_symbolically,The printed discriminant is exactly that of the fixed-point polynomial without the extra factor m and not of the printed polynomial.,expanded_worker_returns/W10_PDF080-091_PRIMITIVE_EQUATIONS/MATHEMATICAL_ERROR_CERTIFICATES.md#W10-PE006
W10,W10-SE001,086,L0085,fixed-letter dimension argument,m est nécessairement <2 et ... 0 ou 1,"For a nonidentity affine map of F_p^2, the fixed set is empty or an affine subspace of dimension 0 or 1; the identity has dimension 2.",omitted_nonidentity_qualification,source_error,note_only,staged_isolated,W10-E086;W10-MATH006,Preserve the printed universal phrasing. Add “nonidentity” only in the critical proof; the divisibility conclusion itself remains valid for the identity.,"For a nonidentity affine map of F_p^2, the fixed set is empty or an affine subspace of dimension 0 or 1; the identity has dimension 2.",Preserve the 1897 printed form exactly; do not silently repair it or fuse another witness into the French source layer.,"A later translation or critical reconstruction may normalize only with a visible erratum, exact source coordinates, and the cited proof/provenance certificate.",proved_by_affine_fixed_set_analysis,The identity has a two-dimensional fixed space; every nonidentity affine map has empty fixed set or fixed dimension at most one.,expanded_worker_returns/W10_PDF080-091_PRIMITIVE_EQUATIONS/MATHEMATICAL_ERROR_CERTIFICATES.md#W10-SE001
W10,W10-SE002,087,L0086,multiplicative scalar subgroup,"dans ces substitutions, aucune lettre ne reste à la même place, et elles sont au nombre de p^2-1","The p^2-1 scalar maps include the identity. Exactly p^2-2 nonidentity scalars move every nonzero letter; every scalar fixes a_{0,0}.",identity_exception_in_universal_fixed_point_claim,source_error,note_only,staged_isolated,W10-E087;W10-MATH006,Preserve the printed claim. Correct only in critical apparatus; the subgroup order p^2-1 and subsequent affine-group count remain intact.,"The p^2-1 scalar maps include the identity. Exactly p^2-2 nonidentity scalars move every nonzero letter; every scalar fixes a_{0,0}.",Preserve the 1897 printed form exactly; do not silently repair it or fuse another witness into the French source layer.,"A later translation or critical reconstruction may normalize only with a visible erratum, exact source coordinates, and the cited proof/provenance certificate.",proved_by_field_scalar_analysis,The scalar subgroup includes identity; exactly p^2-2 nonidentity scalars move every nonzero vector while the group order remains p^2-1.,expanded_worker_returns/W10_PDF080-091_PRIMITIVE_EQUATIONS/MATHEMATICAL_ERROR_CERTIFICATES.md#W10-SE002
W11,W11-PE001,092,L0091,"Table des matières, Introduction page-reference column",1,v,definite_incorrect_page_reference,source_error,note_only,staged_isolated,W11-E092-INTRO;W11-E-MAP;W11-E-W02,"Preserve Arabic 1 in the 1897 diplomatic ToC. In a visibly distinct critical/GPT or translation layer, print an explicit erratum to logical folio v with this proof certificate; never silently substitute v in the source layer.",v,Preserve the 1897 printed form exactly; do not silently repair it or copy the generated Gutenberg folio into the source layer as authority.,"A later translation or critical/GPT reconstruction may display v only with a visible erratum, exact source coordinates, and the foliation proof certificate.",proved_by_primary_image_and_frozen_foliation_map,"L0091 visibly prints Arabic 1. The independently frozen page map and W02 metadata establish Picard’s Introduction as logical roman folios v-x, beginning at PDF024/L0023.",expanded_worker_returns/W11_PDF092-096_BACKMATTER/ERRATA_AND_READING_CERTIFICATES.md#W11-PE001
