issue_id	kind	worker_id	pdf_pages	jp2_leaves	baseline_classification	baseline_source_disposition	baseline_proof_status	rendered_note	baseline_evidence_ids	baseline_summary	baseline_instruction	final_adjudication	critical_repair	minimal_hypotheses	propagation_outcome	prior_notice_class	prior_notice_outcome	earliest_secure_notice_or_attestation	source_ids	search_cutoff	diplomatic_layer_mutated	critical_layer_state	post_p13_task_ids
W02-PE001	printed_or_source_error	W02	025	L0024	definite_1897_printed_error	source_error	proved_philologically	true	W02-E025A	The 1897 line carry reads 'déve-' followed by 'veloppent', yielding the duplicated sequence 'déveveloppent'. French syntax and morphology require 'développent'; the error is nevertheless retained verbatim in the 1897 French layer.	Normalization is permitted only in a visibly distinct later layer accompanied by an explicit erratum and the cited proof certificate; the French source-faithful TeX remains unchanged.	typographical_repair_proved	développent	none	The Introduction’s meaning is unchanged.	no_prior_notice_found_in_searched_corpus	No earlier witness exists for Picard’s 1897 Introduction. Modern comparison transcriptions normalize the form, but no explicit itemized erratum was found in the searched corpus.	No explicit prior notice securely dated in the searched corpus.	SRC-LOCAL-1897;SRC-WIKI-1897	2026-08-13	no	closed	POST-P13-A001;POST-P13-A002;POST-P13-A003
W03-PE001	printed_or_source_error	W03	035	L0034	definite_1897_printed_letter_error	source_error	proved_symbolically	true	W03-E035A;W03-MATH035A	From x=p+1/A and conjugate(A)=-1/B, conjugation gives p+1/(-1/B)=p-B. The printed letter a is inconsistent with the established variable p.	Normalization is permitted only in a visibly distinct later layer accompanied by an explicit erratum and the cited proof certificate; the French source-faithful TeX remains unchanged.	formula_repair_proved	Replace the printed letter a by p in the conjugate expression, giving p-B.	the article’s established integer-part symbol p	The corrected conjugate and the following interval argument become coherent; no later work cites the misprinted letter.	no_prior_notice_found_in_searched_corpus	No prior explicit notice found in the searched corpus.	No explicit prior notice securely dated in the searched corpus.	SRC-LOCAL-1897	2026-08-13	no	closed	POST-P13-A001;POST-P13-A002;POST-P13-A003
W03-PE002	printed_or_source_error	W03	035	L0034	definite_1897_printed_sign_error	source_error	proved_symbolically	true	W03-E035A;W03-MATH035B	Writing B=p+r with 0<r<1 gives p-B=-r, hence -1<p-B<0. The printed interval between 0 and 1 has the wrong sign.	Normalization is permitted only in a visibly distinct later layer accompanied by an explicit erratum and the cited proof certificate; the French source-faithful TeX remains unchanged.	sign_repair_proved	Replace “between 0 and 1” by the inequality -1<p-B<0.	B has integer part p and fractional part r in (0,1)	Repairs the sign used in the conjugate-root discussion; no cross-work dependency.	no_prior_notice_found_in_searched_corpus	No prior explicit notice found.	No explicit prior notice securely dated in the searched corpus.	SRC-LOCAL-1897	2026-08-13	no	closed	POST-P13-A001;POST-P13-A002;POST-P13-A003
W03-PE003	printed_or_source_error	W03	037	L0036	definite_1897_printed_formula_error	source_error	proved_symbolically	true	W03-E037A;W03-MATH037A	Substitution shows 3-A has zero residual in 3x^2-16x+18, whereas the printed 3-1/A has residual -4(-1+sqrt(10))/3 and is not a root.	Normalization is permitted only in a visibly distinct later layer accompanied by an explicit erratum and the cited proof certificate; the French source-faithful TeX remains unchanged.	formula_repair_proved	Replace the second value 3-1/A by 3-A.	A is the positive root of 3A^2-2A-3=0	The final periodic continued fraction evaluates to 3-A; the theorem survives.	no_prior_notice_found_in_searched_corpus	No prior explicit notice found.	No explicit prior notice securely dated in the searched corpus.	SRC-LOCAL-1897	2026-08-13	no	closed	POST-P13-A001;POST-P13-A002;POST-P13-A003
W04-SE001	printed_or_source_error	W04	038	L0037	substantive_1897_missing_hypothesis	source_error	proved_exact_domain_counterexample	true	W04-E038A;W04-MATH038B	For f identically zero, f(x+h)-f(x)=0 for every x,h, so the universally quantified quotient is undefined.	A later translation must either translate the historical claim literally with a visible erratum or place any repaired theorem/proof in a separately labelled reconstruction citing this certificate.	missing_hypothesis_repaired	Restrict the quotient to pairs (x,h) for which f(x+h)≠f(x).	f(x+h)≠f(x)	Only the domain of the displayed quotient changes.	no_prior_notice_found_in_searched_corpus	No prior explicit notice found.	No explicit prior notice securely dated in the searched corpus.	SRC-LOCAL-1897;SRC-NUMDAM-1846	2026-08-13	no	closed	POST-P13-A001;POST-P13-A002;POST-P13-A003
W04-SE002	printed_or_source_error	W04	038	L0037	substantive_1897_false_mathematical_claim	source_error	proved_exact_limit_counterexample	true	W04-E038A;W04-MATH038C	For F(t)=|t|, f(t)=t, x=0, the quotient is |h|/h; the right limit is 1 and the left limit is -1.	A later translation must either translate the historical claim literally with a visible erratum or place any repaired theorem/proof in a separately labelled reconstruction citing this certificate.	printed_claim_rejected_counterexample	Delete the asserted a-priori existence of derivative functions; replace it by an explicit differentiability or quotient-limit hypothesis.	existence of the relevant two-sided limit, or differentiability assumptions	The following mean-value discussion can proceed only after the new hypothesis.	no_prior_notice_found_in_searched_corpus	No prior explicit notice found.	No explicit prior notice securely dated in the searched corpus.	SRC-LOCAL-1897	2026-08-13	no	closed	POST-P13-A001;POST-P13-A002;POST-P13-A003
W04-SE003	printed_or_source_error	W04	038	L0037	substantive_1897_invalid_inference	source_error	proved_exact_logical_counterexample	true	W04-E038A;W04-MATH038D	A noninjective ψ with ψ(0)=ψ(1)=0 cannot admit a single-valued φ satisfying P=φ(ψ(P)) for both P=0 and P=1.	A later translation must either translate the historical claim literally with a visible erratum or place any repaired theorem/proof in a separately labelled reconstruction citing this certificate.	missing_hypothesis_repaired	Require ψ to be injective on the relevant range, or select and state a single inverse branch φ.	injectivity or a specified inverse branch	The inversion step survives under the stated restriction.	no_prior_notice_found_in_searched_corpus	No prior explicit notice found.	No explicit prior notice securely dated in the searched corpus.	SRC-LOCAL-1897	2026-08-13	no	closed	POST-P13-A001;POST-P13-A002;POST-P13-A003
W04-SE004	printed_or_source_error	W04	038	L0037	substantive_1897_missing_regularity_hypothesis	source_error	proved_exact_extremum_counterexample	true	W04-E038A;W04-MATH038E	A discontinuous function with equal endpoint values can be nonconstant while attaining no maximum and having no interior local extremum; continuity or another attainment hypothesis is required.	A later translation must either translate the historical claim literally with a visible erratum or place any repaired theorem/proof in a separately labelled reconstruction citing this certificate.	missing_hypothesis_repaired	Assume continuity on the closed interval; conclude at least one interior extremum unless the function is constant. Claim both a maximum and a minimum only when values occur on both sides of the common endpoint value.	continuity plus the indicated sign condition for two extrema	Supplies the extremum needed for the mean-value argument; the stronger two-extrema wording is qualified.	no_prior_notice_found_in_searched_corpus	No prior explicit notice found.	No explicit prior notice securely dated in the searched corpus.	SRC-LOCAL-1897	2026-08-13	no	closed	POST-P13-A001;POST-P13-A002;POST-P13-A003
W05-SE001	printed_or_source_error	W05	040-041	L0039-L0040	substantive_1897_too_restrictive_classification	source_error	proved_exact_group_theoretic_counterexample	true	W05-E040A;W05-E041A;W05-MATH001	AΓL(1,8) has order 168, derived-series orders 168,56,8,1, is two-transitive and primitive of degree 8, and has ordered two-point stabilizer order 3. Degree 8 fails the printed congruence exception. A fixed-field construction yields the required irreducible solvable degree-8 equation.	Translate the historical claim literally with an explicit erratum, or place a corrected theorem in a separately labelled critical reconstruction citing the exact certificate.	printed_classification_rejected_counterexample	Replace the finite exception list by the modern affine theorem: a finite solvable primitive group has a regular elementary-abelian socle and an irreducible point stabilizer; one-dimensional semilinearity is an additional restriction.	finite solvable primitive permutation group	The later degree-9/25-only claim at PDF051 is also rejected; see POST-P13-A005.	no_prior_notice_found_in_searched_corpus	No prior explicit notice of this exact counterexample was found; modern affine-group theory supplies the replacement framework.	No explicit prior notice securely dated in the searched corpus.	SRC-LOCAL-1897;SRC-AFFINE-PRIMITIVE;SRC-LI-2003	2026-08-13	no	closed	POST-P13-A001;POST-P13-A002;POST-P13-A003;POST-P13-A005
W05-SE002	printed_or_source_error	W05	041	L0040	substantive_1897_false_modular_impossibility	source_error	proved_source_internal_and_exact_group_theoretic	true	W05-E041B;W05-MATH002	The corrective footnote on PDF 041 explicitly gives p=7 and p=11. Exact enumeration also finds index-7 and index-11 subgroups in PSL(2,7) and PSL(2,11), respectively.	Translate both layers literally with an erratum, or state the corrected p=5,7,11 result only in a separately labelled critical layer.	printed_claim_rejected_source_internal_correction	Qualify the impossibility statement by recording the p=7 and p=11 exceptional lowerings.	none beyond the modular-equation setting	Feeds directly into W08-PE001’s p=11 matching.	explicit_editorial_notice_1846	Earliest explicit notice is Liouville’s 1846 footnote, reprinted in 1897.	1846 — Liouville’s printed footnote.	SRC-LOCAL-1846;SRC-LOCAL-1897	2026-08-13	no	closed	POST-P13-A001;POST-P13-A002;POST-P13-A003;POST-P13-A006
W06-PE001	printed_or_source_error	W06	042	L0041	definite_1897_printed_formula_error	source_error	proved_symbolically	true	W06-E042B;W06-E1846;W06-MATH001	For n=2, X=x^2+1, Y=3x, the fixed-point polynomial for the printed map has gcd 1 with F=x^2-3x+1, so neither root of F is fixed. A second exact example at x=1 gives both printed maps greater than x, refuting the claimed opposite-side behavior.	Translate the historical formula literally with a visible erratum, or place the symmetric fixed-point form only in a separately labelled critical layer citing the exact counterexample.	coherent_formula_reconstruction_proved_nonunique	In the critical layer use the symmetric candidate ψ(x)=(Y/(X/x^n))^{1/n}; do not assert that this is the unique historical correction.	X,Y and x nonzero where the quotient is formed, with compatible fixed radical branches; further monotonicity is required for bracketing	The algebraic fixed-point equivalence is restored by this critical reconstruction, but the bracketing assertion still requires branch and monotonicity hypotheses; no later work uses the formula.	no_prior_notice_found_in_searched_corpus	No prior explicit notice or uniquely documented historical emendation was found.	No explicit prior notice securely dated in the searched corpus.	SRC-LOCAL-1897	2026-08-13	no	closed	POST-P13-A001;POST-P13-A002;POST-P13-A003
W06-SE001	printed_or_source_error	W06	043	L0042	substantive_1897_missing_nonvanishing_hypothesis	source_error	proved_exact_polynomial_counterexample	true	W06-E043A;W06-MATH002	The exact coefficient identity proves nonnegativity. Strict positivity holds exactly when a lower-degree coefficient is positive; X=x^n gives zero identically. Thus the printed k is positive exactly under the added lower-degree-term hypothesis.	Translate literally with an erratum, or state the corrected nonnegative identity and added nonvanishing hypothesis only in a separately labelled critical reconstruction.	missing_hypothesis_repaired	For X=Σ c_jx^j with c_j≥0, require at least one c_j>0 for j<n; analogously for Y.	x>0, nonnegative coefficients, and a positive coefficient below degree n	The parameter k is then nonzero and the rational iteration is defined.	no_prior_notice_found_in_searched_corpus	No prior explicit notice found.	No explicit prior notice securely dated in the searched corpus.	SRC-LOCAL-1897	2026-08-13	no	closed	POST-P13-A001;POST-P13-A002;POST-P13-A003
W07-SE001	printed_or_source_error	W07	046	L0045	invalid_counterexample_to_nonradical_expressibility	source_error	proved_exact_finite_field	true	W07-E046A;W07-E1846;W07-MATH001	A root alpha of x^2+x+1 over F_2 satisfies alpha^3=1 and is a nontrivial cube root of unity; degeneration of the characteristic-zero quadratic formula to 0/0 is not a non-radicality proof.	Translate the historical claim literally with a visible erratum, or place any repaired statement/proof in a separately labelled critical reconstruction citing the exact certificate.	printed_example_rejected	Remove the example as evidence against radical expressibility; retain only the observation that the characteristic-zero quadratic formula degenerates.	none	No later finite-field construction depends on the invalid example.	no_prior_notice_found_in_searched_corpus	No prior explicit notice found.	No explicit prior notice securely dated in the searched corpus.	SRC-LOCAL-1897	2026-08-13	no	closed	POST-P13-A001;POST-P13-A002;POST-P13-A003
W07-SE002	printed_or_source_error	W07	049	L0048	missing_nonzero_hypotheses	source_error	proved_exact_finite_field	true	W07-E049A;W07-MATH011A;W07-MATH011B	Fermat reduction u^{p-1}=1 requires u nonzero. Exact enumeration verifies the printed expansion for all 36 nonzero pairs and finds exactly 12 failures where exactly one of a,a_1 is zero; the selected pair (-1,1) is valid.	Translate the historical claim literally with a visible erratum, or place any repaired statement/proof in a separately labelled critical reconstruction citing the exact certificate.	missing_hypothesis_repaired	Add a≠0 and a_1≠0 modulo p before applying Fermat’s theorem.	nonzero coefficients	The worked choice a=-1,a_1=1 satisfies the repair, so its primitive-element conclusion survives.	no_prior_notice_found_in_searched_corpus	No prior explicit notice found.	No explicit prior notice securely dated in the searched corpus.	SRC-LOCAL-1897	2026-08-13	no	closed	POST-P13-A001;POST-P13-A002;POST-P13-A003
W07-SE003	printed_or_source_error	W07	050	L0049	incomplete_squarefree_method_in_characteristic_p	source_error	proved_exact_polynomial_counterexample	true	W07-E050A;W07-MATH003	For F=x^3-1=(x-1)^3 over F_3, Fprime=0 and F/gcd(F,Fprime)=1, losing the root. A p-th-root extraction branch is necessary.	Translate the historical claim literally with a visible erratum, or place any repaired statement/proof in a separately labelled critical reconstruction citing the exact certificate.	algorithm_repaired	Add the characteristic-p branch: if F′=0, take a p-th root of F and recurse; otherwise perform squarefree factorization with gcd(F,F′).	perfect coefficient field or explicit p-th-root availability for the extraction step	Repairs the repeated-root algorithm; later finite-field factor selection survives.	no_prior_notice_found_in_searched_corpus	No prior explicit notice found.	No explicit prior notice securely dated in the searched corpus.	SRC-LOCAL-1897	2026-08-13	no	closed	POST-P13-A001;POST-P13-A002;POST-P13-A003
W07-SE004	printed_or_source_error	W07	050	L0049	zero_residue_omitted	source_error	proved_exact_polynomial_counterexample	true	W07-E050A;W07-MATH004	For F=x, zero is an integral solution but gcd(x,x^{p-1}-1)=1. All residues are roots of x^p-x, or zero must be handled separately.	Translate the historical claim literally with a visible erratum, or place any repaired statement/proof in a separately labelled critical reconstruction citing the exact certificate.	formula_repair_proved	Use gcd(F,x^p-x) to include every residue, or test x=0 separately before using x^{p-1}-1.	none	The residue-root extraction algorithm then covers zero and nonzero roots.	no_prior_notice_found_in_searched_corpus	No prior explicit notice found.	No explicit prior notice securely dated in the searched corpus.	SRC-LOCAL-1897	2026-08-13	no	closed	POST-P13-A001;POST-P13-A002;POST-P13-A003
W07-SE005	printed_or_source_error	W07	050	L0049	proper_subfield_factors_not_removed	source_error	proved_exact_polynomial_counterexample	true	W07-E050A;W07-MATH005	Every nonzero proper-subfield element satisfies x^{p^nu-1}=1 when its degree divides nu; for p=3,nu=2, the degree-one element 1 is included. Exact-degree factors must exclude proper subfields.	Translate the historical claim literally with a visible erratum, or place any repaired statement/proof in a separately labelled critical reconstruction citing the exact certificate.	formula_repair_proved	For exact degree ν, remove all proper-subfield factors; equivalently use the product of monic irreducibles whose degrees equal ν, obtainable by Möbius inversion from x^{p^d}-x.	finite fields and the standard subfield lattice	The general factor-selection method survives after exact-degree isolation.	no_prior_notice_found_in_searched_corpus	No prior explicit notice found.	No explicit prior notice securely dated in the searched corpus.	SRC-LOCAL-1897	2026-08-13	no	closed	POST-P13-A001;POST-P13-A002;POST-P13-A003
W08-PE001	printed_or_source_error	W08	058	L0057	duplicated_representative_and_omitted_projective_point	source_error	proved_exact_finite_set_group_and_secondary_witness	true	W08-E058A;W08-E1846A;W08-MATH001;W08-MATH002;W08-MATH003	The printed upper row contains six positions but only five distinct projective points; together with the lower row it duplicates 5 and omits 4. The 1846 publication supplies 4. Exact enumeration verifies the corrected partition of P^1(F_11), |PSL(2,11)|=660, and a matching stabilizer of order 60 and index 11.	A later translation or critical reconstruction may normalize only with a visible erratum, exact source coordinates, and the cited proof/provenance certificate.	witness_supported_formula_repair	Replace the second 5 by 4, giving upper row ∞,1,3,4,5,9.	the displayed projective action	Restores the p=11 modular lowering; no later proof in the volume depends on the duplicate.	correct_earlier_witness_no_explicit_notice	The 1846 publication already prints 4, but no explicit erratum was found; earliest attested correct witness is 1846.	1846 — correct reading 4, without an itemized erratum.	SRC-LOCAL-1846;SRC-LOCAL-1897;SRC-LOCAL-1908	2026-08-13	no	closed	POST-P13-A001;POST-P13-A002;POST-P13-A003;POST-P13-A006
W08-PE002	printed_or_source_error	W08	058	L0057	editorial_word_substitution_attested_by_1846_and_1908_collation	source_error	proved_by_direct_1846_and_1908_witness_collation	true	W08-E058B;W08-E1846A;W08-E1908A	The 1897 page visibly prints “équation”; the 1846 publication prints “réduction”; and Tannery’s 1908 collation explicitly reports that the 1897 edition substituted “équation” for the manuscript/Liouville “réduction”.	A later translation or critical reconstruction may normalize only with a visible erratum, exact source coordinates, and the cited proof/provenance certificate.	witness_supported_lexical_repair	Replace équation by réduction in the critical layer.	none	No mathematical formula changes; the scope of the impossibility sentence is restored.	correct_earlier_witness_and_explicit_1908_collation	Correct in 1846; explicitly noticed by Tannery in 1908.	1846 correct reading; 1908 first explicit collation notice found.	SRC-LOCAL-1846;SRC-LOCAL-1897;SRC-LOCAL-1908	2026-08-13	no	closed	POST-P13-A001;POST-P13-A002;POST-P13-A003;POST-P13-A007
W08-WV001	witness_variant	W08	059	L0058	substantive_formula_variant	unresolved	documented_or_unresolved	true	W08-E059A;W08-E1908B	1897: FE′+EF′−FF′=π/2 | Other witness: F′F″−E″F′=(π/2)√−1 (as reported by the 1908 collation)	Preserve the 1897 formula. Do not choose, combine, or normalize the witnesses before a separate mathematical/manuscript audit.	explicit_formula_variant_1908_mathematical_adjudication_partial	not_applicable_witness_or_editorial_variant	not_applicable	See the item-level prior-notice matrix and dependency graph.	explicit_formula_variant_1908_mathematical_adjudication_partial	1897 PDF059/L0058; 1846 local PDF034; Tannery local PDF012; DLMF 19.7.1.	1908 — explicit manuscript/print divergence; manuscript semantics unresolved.	SRC-LOCAL-1846;SRC-LOCAL-1897;SRC-LOCAL-1908;SRC-DLMF-LEGENDRE	2026-08-13	not_applicable_variant	open	POST-P13-A003;POST-P13-A008
W08-WV002	witness_variant	W08	056	L0055	editorial_notation_normalization	not_error	documented_or_unresolved	true	W08-E1908A	1897: p, ν | Other witness: 1908 reports manuscript p, n and Liouville change to p, ν	Preserve the 1897 notation as target-witness evidence; mention manuscript notation only in apparatus.	explicit_collation_1908	not_applicable_witness_or_editorial_variant	not_applicable	See the item-level prior-notice matrix and dependency graph.	explicit_collation_1908	W08-E1908A	1908 — Tannery collation.	SRC-LOCAL-1897;SRC-LOCAL-1908	2026-08-13	not_applicable_variant	closed	POST-P13-A003
W08-WV003	witness_variant	W08	056	L0055	editorial_orthographic_normalization	not_error	documented_or_unresolved	true	W08-E1908A	1897: Bulletin de Férussac | Other witness: bulletin ferussac	Preserve the 1897 form; do not import manuscript spelling.	explicit_collation_1908	not_applicable_witness_or_editorial_variant	not_applicable	See the item-level prior-notice matrix and dependency graph.	explicit_collation_1908	W08-E1908A	1908 — Tannery collation.	SRC-LOCAL-1897;SRC-LOCAL-1908	2026-08-13	not_applicable_variant	closed	POST-P13-A003
W09-PE001	printed_or_source_error	W09	065	L0064	definite_demonstrative_lexeme_error	source_error	proved_by_primary_image_and_1846_collation	true	W09-E065;W09-E1846-040	The 1897 page visibly prints “celle fonction”; the 1846 publication prints “cette fonction”. The witnessed correction is confined to apparatus.	A later translation or critical reconstruction may normalize only with a visible erratum, exact source coordinates, and the cited proof/provenance certificate.	witness_supported_lexical_repair	Replace celle fonction by cette fonction.	none	No mathematical dependency.	correct_earlier_witness_no_explicit_notice	Correct in 1846; no explicit later notice found.	1846 — correct reading, without an explicit itemized notice found.	SRC-LOCAL-1846;SRC-LOCAL-1897	2026-08-13	no	closed	POST-P13-A001;POST-P13-A002;POST-P13-A003;POST-P13-A009;POST-P13-A014
W09-PE002	printed_or_source_error	W09	071	L0070	definite_missing_diacritic_typographical_error	source_error	proved_by_direct_primary_image_inspection	true	W09-E071	The 1897 historical note visibly prints “proprieté” without the accent; the typographical error is retained in the diplomatic layer.	A later translation or critical reconstruction may normalize only with a visible erratum, exact source coordinates, and the cited proof/provenance certificate.	typographical_repair_proved	Restore the accent: propriété.	none	No mathematical dependency.	no_prior_notice_found_in_searched_corpus	No explicit prior notice or securely established earlier corrected witness was found in the searched corpus.	No explicit prior notice securely dated in the searched corpus.	SRC-LOCAL-1897	2026-08-13	no	closed	POST-P13-A001;POST-P13-A002;POST-P13-A003;POST-P13-A009;POST-P13-A014
W09-SE001	printed_or_source_error	W09	065-066	L0064-L0065	incomplete_proof_missing_gcd_bezout_step	source_error	proved_by_exact_repair_or_counterexample	true	W09-E065;W09-E066;W09-E1908-014;W09-MATH001	Lemma III is repairable: in K(V)[X], the gcd of the original polynomial and the V-relation is X−a; a Bézout identity then expresses a rationally in V. The printed proof omits this decisive step, as the 1908 collation also reports.	A later translation or critical reconstruction may normalize only with a visible erratum, exact source coordinates, and the cited proof/provenance certificate.	proof_gap_repaired	In K(V)[X], prove gcd(P,Q)=X-a_i and use a Bézout identity to express a_i rationally in V.	separability/distinct roots and uniqueness of the selected common root	Closes Lemma III, Proposition I, and every later construction that treats roots as rational functions of the resolvent V.	explicit_authorial_insufficiency_notice_1908	Galois’s own insufficiency note for Lemma III is reported explicitly by Tannery in 1908. No earlier published Bézout repair was identified in the searched corpus.	1908 — Tannery’s report of Galois’s insufficiency note.	SRC-LOCAL-1908	2026-08-13	no	closed	POST-P13-A001;POST-P13-A002;POST-P13-A003;POST-P13-A010;POST-P13-A014
W09-SE002	printed_or_source_error	W09	069-070	L0068-L0069	undefined_parameter_and_false_composite_degree_generality	source_error	proved_by_exact_repair_or_counterexample	true	W09-E069;W09-E070;W09-E1908-015;W09-E1908-016;W09-MATH005;W09-MATH006	The correct field-intersection identity gives subgroup index [L∩K(r):K], which divides the auxiliary degree. The printed unchanged-or-p-equal-groups dichotomy follows in the deleted prime-degree setting but is false for arbitrary composite degree; the exact degree-four counterexample is recorded.	A later translation or critical reconstruction may normalize only with a visible erratum, exact source coordinates, and the cited proof/provenance certificate.	theorem_repaired	Let L/K be the original splitting field, M=K(r), E=L∩M, H=Gal(L/E). Then [G:H]=[E:K] divides [M:K]. Recover the 1-or-p dichotomy only when [M:K]=p is prime.	finite separable splitting field; prime degree only for the dichotomy	Supplies the correct subgroup decomposition used in Proposition III and the radical tower.	explicit_1908_notice_and_modern_reconstruction	Tannery 1908 records the deleted prime-degree wording and incompleteness; Dicker 2026 is a modern dedicated reconstruction.	1908 — Tannery; modern reconstruction submitted 2026-07-22.	SRC-LOCAL-1908;SRC-DICKER-2026	2026-08-13	no	closed	POST-P13-A001;POST-P13-A002;POST-P13-A003;POST-P13-A011;POST-P13-A014
W09-SE003	printed_or_source_error	W09	070-071	L0069-L0070	missing_proof_requiring_normal_intersection_argument	source_error	proved_by_exact_repair_or_counterexample	true	W09-E070;W09-E071;W09-E1908-017	With L and M the two splitting fields and E=L∩M, normality of E/K makes H=Gal(L/E) normal in G. This proves the revised Proposition III, but the 1897 text itself supplies no proof.	A later translation or critical reconstruction may normalize only with a visible erratum, exact source coordinates, and the cited proof/provenance certificate.	proof_gap_repaired	If M/K is a splitting field, E=L∩M is Galois over K, so H=Gal(L/E) is normal in G. Therefore all conjugate subgroups coincide after adjoining all auxiliary roots.	both L/K and M/K finite Galois	Repairs Proposition III and every later use of a common normal subgroup.	explicit_revision_history_1908_no_complete_repair	Tannery 1908 records the revised statement, erased predecessor proof, and Liouville interpolation. No prior published normal-intersection proof for this exact passage was identified in the searched corpus.	1908 — Tannery’s collation of the revised statement and erased proof.	SRC-LOCAL-1908	2026-08-13	no	closed	POST-P13-A001;POST-P13-A002;POST-P13-A003;POST-P13-A011;POST-P13-A014
W09-SE004	printed_or_source_error	W09	073	L0072	proof_gap_selected_resolvent_can_vanish	source_error	proved_by_exact_repair_or_counterexample	true	W09-E073;W09-MATH001;W09-MATH002;W09-MATH004	The specifically displayed Fourier coefficient can vanish for a nonconstant orbit. Fourier inversion proves that some nontrivial coefficient is nonzero; the critical repair must select such a coefficient instead of assuming the displayed one.	A later translation or critical reconstruction may normalize only with a visible erratum, exact source coordinates, and the cited proof/provenance certificate.	proof_gap_repaired	Define all Fourier coefficients R_m=Σ ζ^{mj}θ_j and choose a nonzero coefficient with m≠0; do not privilege R_1.	p invertible in the base field and a primitive p-th root of unity available	The selected nonzero R_m has invariant p-th power and supports the same radical adjunction.	no_prior_notice_found_in_searched_corpus	No prior explicit notice found in the searched corpus.	No explicit prior notice securely dated in the searched corpus.	SRC-LOCAL-1897;SRC-NEUMANN-2013	2026-08-13	no	closed	POST-P13-A001;POST-P13-A002;POST-P13-A003;POST-P13-A012;POST-P13-A014
W09-SE005	printed_or_source_error	W09	075	L0074	false_unconditional_assertion_missing_kummer_normality_context	source_error	proved_by_exact_repair_or_counterexample	true	W09-E075;W09-MATH007;W09-MATH008	The unconditional final sentence fails for x^3−2 after adjoining one real cube root: the equation becomes reducible while the residual splitting group is C2. A roots-of-unity/Kummer normality context is required.	A later translation or critical reconstruction may normalize only with a visible erratum, exact source coordinates, and the cited proof/provenance certificate.	missing_hypothesis_repaired	Require the radical extension to be cyclic Galois of prime degree in the inherited Kummer setting. Then reducibility of a prime-degree irreducible polynomial forces the relevant normal subgroup to be trivial, hence complete splitting.	base contains the needed roots of unity; radical extension irreducible, cyclic, Galois, and prime degree	Propositions VI-VII survive only within this Kummer context.	no_prior_notice_found_in_searched_corpus	No prior explicit notice found.	No explicit prior notice securely dated in the searched corpus.	SRC-LOCAL-1897;SRC-NEUMANN-2013	2026-08-13	no	closed	POST-P13-A001;POST-P13-A002;POST-P13-A003;POST-P13-A013;POST-P13-A014
W09-SE006	printed_or_source_error	W09	078	L0077	omitted_nonidentity_quantifier	source_error	proved_by_exact_repair_or_counterexample	true	W09-E078;W09-MATH009;W09-MATH015	The identity affine map fixes every letter, while each nonidentity affine map fixes at most one. The necessity argument is repaired by inserting the omitted nonidentity qualifier.	A later translation or critical reconstruction may normalize only with a visible erratum, exact source coordinates, and the cited proof/provenance certificate.	missing_qualifier_repaired	Insert nonidentity before the affine fixed-point claim.	none	Proposition VIII’s two-root criterion survives because only nonidentity elements are relevant.	no_prior_notice_found_in_searched_corpus	No prior explicit notice found.	No explicit prior notice securely dated in the searched corpus.	SRC-LOCAL-1897	2026-08-13	no	closed	POST-P13-A001;POST-P13-A002;POST-P13-A003;POST-P13-A013;POST-P13-A014
W09-WV001	witness_variant	W09	063	L0062	documented_1897_omission	unresolved	documented_or_unresolved	true	W09-E063;W09-E1846-039;W09-E1908-014	1897: Two definitional lines are absent after the rational-divisor sentence. | Other witness: A general definition of “quantité rationnelle” is present.	Preserve the 1897 omission; quote the missing text only in apparatus or a visibly distinct reconstruction.	correct_earlier_witness_and_explicit_1908_omission_notice	not_applicable_witness_or_editorial_variant	not_applicable	See the item-level prior-notice matrix and dependency graph.	correct_earlier_witness_and_explicit_1908_omission_notice	W09-E063;W09-E1846-039;W09-E1908-014	1846 present text; 1908 explicit omission notice.	SRC-LOCAL-1846;SRC-LOCAL-1897;SRC-LOCAL-1908	2026-08-13	not_applicable_variant	closed	POST-P13-A003;POST-P13-A014
W09-WV002	witness_variant	W09	065-066	L0064-L0065	manuscript_proof_note_and_suppressed_apparatus	not_error	documented_or_unresolved	true	W09-E1908-014	1897: Lemma III is printed with the abbreviated proof and without the Poisson/Galois documents. | Other witness: Galois calls the proof insufficient; Poisson/Galois notes in copy/proof were suppressed by Liouville.	Keep witness history separate from the 1897 layer; use it to contextualize, not replace, the proof certificate.	explicit_collation_1908	not_applicable_witness_or_editorial_variant	not_applicable	See the item-level prior-notice matrix and dependency graph.	explicit_collation_1908	W09-E1908-014	1908 — Tannery collation.	SRC-LOCAL-1897;SRC-LOCAL-1908	2026-08-13	not_applicable_variant	closed	POST-P13-A003;POST-P13-A014
W09-WV003	witness_variant	W09	069-070	L0068-L0069	revision_history_and_editorial_repair_attempt	not_error	documented_or_unresolved	true	W09-E1908-015;W09-E1908-016	1897: Proposition II appears after deletion of “de degré p premier”, while p remains. | Other witness: Deleted prime-degree draft, Galois incompleteness note, and Liouville’s drafted prime-degree clarification.	Do not silently restore the deleted hypothesis; report revision and repair attempt in apparatus.	explicit_collation_1908	not_applicable_witness_or_editorial_variant	not_applicable	See the item-level prior-notice matrix and dependency graph.	explicit_collation_1908	W09-E1908-015;W09-E1908-016	1908 — Tannery collation.	SRC-LOCAL-1897;SRC-LOCAL-1908	2026-08-13	not_applicable_variant	closed	POST-P13-A003;POST-P13-A014
W09-WV004	witness_variant	W09	070-071	L0069-L0070	authorial_revision_and_editorial_interpolation	not_error	documented_or_unresolved	true	W09-E1908-017	1897: Revised Proposition III plus the interpolated historical footnote. | Other witness: New marginal statement dated 1832; prior proof deleted; Liouville deciphered/interpolated the erased text.	Preserve 1897 text/apparatus while distinguishing authorial revision from Liouville interpolation.	explicit_collation_1908	not_applicable_witness_or_editorial_variant	not_applicable	See the item-level prior-notice matrix and dependency graph.	explicit_collation_1908	W09-E1908-017	1908 — Tannery collation.	SRC-LOCAL-1897;SRC-LOCAL-1908	2026-08-13	not_applicable_variant	closed	POST-P13-A003;POST-P13-A014
W09-WV005	witness_variant	W09	072-073	L0071-L0072	manuscript_topology_variant	not_error	documented_or_unresolved	true	W09-E1908-017	1897: Parenthetical construction sentence is printed in the main text across pages 43-44. | Other witness: The sentence is identified as a marginal note.	Preserve the 1897 printed placement; record marginal origin in apparatus.	explicit_collation_1908	not_applicable_witness_or_editorial_variant	not_applicable	See the item-level prior-notice matrix and dependency graph.	explicit_collation_1908	W09-E1908-017	1908 — Tannery collation.	SRC-LOCAL-1897;SRC-LOCAL-1908	2026-08-13	not_applicable_variant	closed	POST-P13-A003;POST-P13-A014
W09-WV006	witness_variant	W09	075	L0074	editorial_bibliographic_expansion	not_error	documented_or_unresolved	true	W09-E1908-017	1897: Full Cauchy citation to Journal de l’École Polytechnique, XVIIe cahier. | Other witness: Manuscript abbreviation “Journal de l’École, XVII”.	Preserve the 1897 citation and record the manuscript abbreviation separately.	explicit_collation_1908	not_applicable_witness_or_editorial_variant	not_applicable	See the item-level prior-notice matrix and dependency graph.	explicit_collation_1908	W09-E1908-017	1908 — Tannery collation.	SRC-LOCAL-1897;SRC-LOCAL-1908	2026-08-13	not_applicable_variant	closed	POST-P13-A003;POST-P13-A014
W10-PE001	printed_or_source_error	W10	082	L0081	definite_repeated_second_index	source_error	proved_philologically_and_by_1908_collation	true	W10-E082;W10-E1908-022	The index declaration and Tannery collation establish that the second printed k_1 is a repetition for k_2.	A later translation or critical reconstruction may normalize only with a visible erratum, exact source coordinates, and the cited proof/provenance certificate.	witness_supported_index_repair	Replace the repeated k_1 by k_2.	none	Restores the coordinate tuple; subsequent affine construction survives.	explicit_correction_1908	Explicitly corrected by Tannery in 1908.	1908 — Tannery explicit correction.	SRC-LOCAL-1897;SRC-LOCAL-1908	2026-08-13	no	closed	POST-P13-A001;POST-P13-A002;POST-P13-A003;W10-DA001;W10-DA004
W10-PE002	printed_or_source_error	W10	082	L0081	definite_misplaced_index	source_error	proved_philologically_and_by_1908_collation	true	W10-E082;W10-E1908-022	Coordinate parallelism and Tannery collation establish psi(k_2) as the critical reading.	A later translation or critical reconstruction may normalize only with a visible erratum, exact source coordinates, and the cited proof/provenance certificate.	witness_supported_index_repair	Read ψ(k_2), not ψ(k)_2.	none	Restores the second coordinate function.	explicit_correction_1908	Explicitly corrected by Tannery in 1908.	1908 — Tannery explicit correction.	SRC-LOCAL-1897;SRC-LOCAL-1908	2026-08-13	no	closed	POST-P13-A001;POST-P13-A002;POST-P13-A003;W10-DA001;W10-DA004
W10-PE003	printed_or_source_error	W10	083	L0082	definite_missing_index_separator	source_error	proved_by_coordinate_structure_and_1908_collation	true	W10-E083;W10-E1908-022	The source transformation acts on two indices; Tannery restores the missing separator and unchanged second coordinate.	A later translation or critical reconstruction may normalize only with a visible erratum, exact source coordinates, and the cited proof/provenance certificate.	witness_supported_index_repair	Read a_{mk_1+n,k_2}.	none	The one-coordinate affine action and later two-coordinate action remain coherent.	explicit_correction_1908	Explicitly corrected by Tannery in 1908.	1908 — Tannery explicit correction.	SRC-LOCAL-1897;SRC-LOCAL-1908	2026-08-13	no	closed	POST-P13-A001;POST-P13-A002;POST-P13-A003;W10-DA002;W10-DA004
W10-PE004	printed_or_source_error	W10	083	L0082	definite_wrong_source_indices	source_error	proved_by_local_index_domain	true	W10-E083	Only k_1,k_2 are the established coordinate pair in this section; k_2,k_3 is not a map on the introduced domain.	A later translation or critical reconstruction may normalize only with a visible erratum, exact source coordinates, and the cited proof/provenance certificate.	context_forced_index_repair	Read a_{k_1,k_2}.	none	Restores a map on the stated domain.	no_prior_notice_found_in_searched_corpus	No explicit prior notice found.	No explicit prior notice securely dated in the searched corpus.	SRC-LOCAL-1897	2026-08-13	no	closed	POST-P13-A001;POST-P13-A002;POST-P13-A003;W10-DA002;W10-DA004
W10-PE005	printed_or_source_error	W10	084	L0083	definite_malformed_affine_pair	source_error	proved_by_affine_structure_and_1908_collation	true	W10-E084;W10-E1908-022	Tannery’s two-coordinate affine formula is the unique form compatible with the finite-difference condition and correctly printed continuation.	A later translation or critical reconstruction may normalize only with a visible erratum, exact source coordinates, and the cited proof/provenance certificate.	witness_supported_formula_repair	Reconstruct formula (A) as a_{m_1k_1+n_1k_2+α_1, m_2k_1+n_2k_2+α_2}.	invertible linear part where a permutation is intended	The affine-linearity argument can then be stated correctly under W10-DA002’s inherited solvability hypotheses.	explicit_correction_1908	Explicitly corrected by Tannery in 1908.	1908 — Tannery explicit correction.	SRC-LOCAL-1897;SRC-LOCAL-1908	2026-08-13	no	closed	POST-P13-A001;POST-P13-A002;POST-P13-A003;W10-DA002;W10-DA004
W10-PE006	printed_or_source_error	W10	088	L0087	definite_extra_factor_m	source_error	proved_symbolically	true	W10-E088;W10-E1846-064;W10-MATH001	The printed discriminant is exactly that of the fixed-point polynomial without the extra factor m and not of the printed polynomial.	A later translation or critical reconstruction may normalize only with a visible erratum, exact source coordinates, and the cited proof/provenance certificate.	formula_repair_proved	Remove the extra factor m: (rk+s)k-(mk+n)=0.	projective denominator treated in P¹	Restores the fixed-point/support trichotomy; the p=3 terminal argument still fails independently under W10-DA003.	same_error_attested_in_1846_no_notice	The same error occurs in 1846; no explicit erratum was found.	1846 — earliest attestation of the same error; no explicit correction found.	SRC-LOCAL-1846;SRC-LOCAL-1897	2026-08-13	no	closed	POST-P13-A001;POST-P13-A002;POST-P13-A003;W10-DA003;W10-DA004
W10-SE001	printed_or_source_error	W10	086	L0085	omitted_nonidentity_qualification	source_error	proved_by_affine_fixed_set_analysis	true	W10-E086;W10-MATH006	The identity has a two-dimensional fixed space; every nonidentity affine map has empty fixed set or fixed dimension at most one.	A later translation or critical reconstruction may normalize only with a visible erratum, exact source coordinates, and the cited proof/provenance certificate.	missing_qualifier_repaired	Insert nonidentity before asserting fixed-space dimension <2.	none	The divisibility bound survives; the identity is handled separately.	no_prior_notice_found_in_searched_corpus	No prior explicit notice found.	No explicit prior notice securely dated in the searched corpus.	SRC-LOCAL-1897	2026-08-13	no	closed	POST-P13-A001;POST-P13-A002;POST-P13-A003;W10-DA004
W10-SE002	printed_or_source_error	W10	087	L0086	identity_exception_in_universal_fixed_point_claim	source_error	proved_by_field_scalar_analysis	true	W10-E087;W10-MATH006	The scalar subgroup includes identity; exactly p^2-2 nonidentity scalars move every nonzero vector while the group order remains p^2-1.	A later translation or critical reconstruction may normalize only with a visible erratum, exact source coordinates, and the cited proof/provenance certificate.	count_repaired	Replace p²-1 by p²-2 in the count of nonidentity scalars moving every nonzero letter; retain subgroup order p²-1.	none	The final affine-group order p²(p²-1)(p²-p) is unchanged.	no_prior_notice_found_in_searched_corpus	No prior explicit notice found.	No explicit prior notice securely dated in the searched corpus.	SRC-LOCAL-1897	2026-08-13	no	closed	POST-P13-A001;POST-P13-A002;POST-P13-A003;W10-DA004
W10-WV001	witness_variant	W10	081	L0080	documented_editorial_expansion	not_error	documented_or_unresolved	true	W10-E081;W10-E1908-022	1897: en premier lieu | Other witness: manuscript 1°; Liouville supplied the printed phrase	Preserve the 1897 phrase; identify Liouville’s intervention only in apparatus.	explicit_collation_1908	not_applicable_witness_or_editorial_variant	not_applicable	See the item-level prior-notice matrix and dependency graph.	explicit_collation_1908	W10-E081;W10-E1908-022	1908 — Tannery collation.	SRC-LOCAL-1897;SRC-LOCAL-1908	2026-08-13	not_applicable_variant	closed	POST-P13-A003
W10-WV002	witness_variant	W10	082-084	L0081-L0083	historically_documented_errata	source_error	documented_or_unresolved	true	W10-E082;W10-E083;W10-E084;W10-E1908-022	1897: six malformed index/formula forms remain printed | Other witness: explicit corrections for W10-PE001, PE002, PE003, and PE005	Do not replace the 1897 forms; cite Tannery as historical provenance for critical readings.	explicit_collation_1908	not_applicable_witness_or_editorial_variant	not_applicable	See the item-level prior-notice matrix and dependency graph.	explicit_collation_1908	W10-E082;W10-E083;W10-E084;W10-E1908-022	1908 — Tannery collation.	SRC-LOCAL-1897;SRC-LOCAL-1908	2026-08-13	not_applicable_variant	closed	POST-P13-A003
W10-WV003	witness_variant	W10	086	L0085	documented_editorial_insertion	not_error	documented_or_unresolved	true	W10-E086;W10-E1908-022	1897: the word est is present | Other witness: est is absent in Galois’s manuscript; Chevalier supplied it	Preserve the 1897 wording; note Chevalier’s intervention separately.	explicit_collation_1908	not_applicable_witness_or_editorial_variant	not_applicable	See the item-level prior-notice matrix and dependency graph.	explicit_collation_1908	W10-E086;W10-E1908-022	1908 — Tannery collation.	SRC-LOCAL-1897;SRC-LOCAL-1908	2026-08-13	not_applicable_variant	closed	POST-P13-A003
W10-WV004	witness_variant	W10	086	L0085	documented_editorial_rephrasing	not_error	documented_or_unresolved	true	W10-E086;W10-E1908-022	1897: <2 et se trouve par conséquent être 0 ou 1 | Other witness: Galois wrote <2 et est par conséquent 0 ou 1; Chevalier expanded the phrase	Preserve the 1897 phrase; do not merge the manuscript wording.	explicit_collation_1908	not_applicable_witness_or_editorial_variant	not_applicable	See the item-level prior-notice matrix and dependency graph.	explicit_collation_1908	W10-E086;W10-E1908-022	1908 — Tannery collation.	SRC-LOCAL-1897;SRC-LOCAL-1908	2026-08-13	not_applicable_variant	closed	POST-P13-A003
W10-WV005	witness_variant	W10	087	L0086	negative_errata_coverage	not_error	documented_or_unresolved	true	W10-E087;W10-E1908-022	1897: b_{m_1k_1+n_1k_2,m_2k_1+n_2k_2} is printed correctly | Other witness: Tannery notes that 1897 corrects a Chevalier/Liouville error	Protect the correct 1897 formula against regression to the erroneous secondary form.	explicit_collation_1908	not_applicable_witness_or_editorial_variant	not_applicable	See the item-level prior-notice matrix and dependency graph.	explicit_collation_1908	W10-E087;W10-E1908-022	1908 — Tannery collation.	SRC-LOCAL-1897;SRC-LOCAL-1908	2026-08-13	not_applicable_variant	closed	POST-P13-A003
W10-WV006	witness_variant	W10	088	L0087	inherited_publication_error	source_error	documented_or_unresolved	true	W10-E088;W10-E1846-064	1897: fixed-point equation includes extra factor m | Other witness: same extra factor m is already present	The 1846 witness proves inheritance, not correctness; preserve both witnesses separately.	same_error_attested_in_1846_no_notice	not_applicable_witness_or_editorial_variant	not_applicable	See the item-level prior-notice matrix and dependency graph.	same_error_attested_in_1846_no_notice	W10-E088;W10-E1846-064	1846 — earliest attestation of the same error.	SRC-LOCAL-1846;SRC-LOCAL-1897	2026-08-13	not_applicable_variant	closed	POST-P13-A003
W11-PE001	printed_or_source_error	W11	092	L0091	definite_incorrect_page_reference	source_error	proved_by_primary_image_and_frozen_foliation_map	true	W11-E092-INTRO;W11-E-MAP;W11-E-W02	L0091 visibly prints Arabic 1. The independently frozen page map and W02 metadata establish Picard’s Introduction as logical roman folios v-x, beginning at PDF024/L0023.	A later translation or critical/GPT reconstruction may display v only with a visible erratum, exact source coordinates, and the foliation proof certificate.	page_reference_repair_proved	Replace the table-of-contents page reference 1 by roman v in the critical layer.	none	Only the critical navigation reference changes.	dated_silent_correction_2018	A Harvard-copy Wikisource transcription silently prints v and was last modified 2018-07-22; this is the earliest securely dated notice found.	2018-07-22 — dated silent correction in the located comparison transcription.	SRC-LOCAL-1897;SRC-WIKI-TOC;SRC-ETH-1897	2026-08-13	no	closed	POST-P13-A001;POST-P13-A002;POST-P13-A003;W11-DA001
