segment_id	component_id	english_file	english_anchor	french_file	source_pdf	logical_page	status	notes
ENSEG:W05:PDF040:0001	W05	source/english/tex/works/GAL1897_W05_ALGEBRAIC_RESOLUTION_ANALYSIS.tex	% ENSEG:W05:PDF040:0001	source/french_diplomatic/tex/works/GAL1897_W05_ALGEBRAIC_RESOLUTION_ANALYSIS.tex	040	11	translated_aligned	Modern-English segment aligned to the frozen French diplomatic source page; source topology retained.
ENSEG:W05:PDF040:0002	W05	source/english/tex/works/GAL1897_W05_ALGEBRAIC_RESOLUTION_ANALYSIS.tex	% ENSEG:W05:PDF040:0002	source/french_diplomatic/tex/works/GAL1897_W05_ALGEBRAIC_RESOLUTION_ANALYSIS.tex	040	11	translated_aligned	Modern-English segment aligned to the frozen French diplomatic source page; source topology retained.
ENSEG:W05:PDF040:0003	W05	source/english/tex/works/GAL1897_W05_ALGEBRAIC_RESOLUTION_ANALYSIS.tex	% ENSEG:W05:PDF040:0003	source/french_diplomatic/tex/works/GAL1897_W05_ALGEBRAIC_RESOLUTION_ANALYSIS.tex	040	11	translated_aligned	Modern-English segment aligned to the frozen French diplomatic source page; source topology retained.
ENSEG:W05:PDF040:0004	W05	source/english/tex/works/GAL1897_W05_ALGEBRAIC_RESOLUTION_ANALYSIS.tex	% ENSEG:W05:PDF040:0004	source/french_diplomatic/tex/works/GAL1897_W05_ALGEBRAIC_RESOLUTION_ANALYSIS.tex	040	11	translated_aligned	Modern-English segment aligned to the frozen French diplomatic source page; source topology retained.
ENSEG:W05:PDF040:0005	W05	source/english/tex/works/GAL1897_W05_ALGEBRAIC_RESOLUTION_ANALYSIS.tex	% ENSEG:W05:PDF040:0005	source/french_diplomatic/tex/works/GAL1897_W05_ALGEBRAIC_RESOLUTION_ANALYSIS.tex	040	11	translated_aligned	Modern-English segment aligned to the frozen French diplomatic source page; source topology retained.
ENSEG:W05:PDF040:0006	W05	source/english/tex/works/GAL1897_W05_ALGEBRAIC_RESOLUTION_ANALYSIS.tex	% ENSEG:W05:PDF040:0006	source/french_diplomatic/tex/works/GAL1897_W05_ALGEBRAIC_RESOLUTION_ANALYSIS.tex	040	11	translated_aligned	Modern-English segment aligned to the frozen French diplomatic source page; source topology retained.
ENSEG:W05:PDF040:0007	W05	source/english/tex/works/GAL1897_W05_ALGEBRAIC_RESOLUTION_ANALYSIS.tex	% ENSEG:W05:PDF040:0007	source/french_diplomatic/tex/works/GAL1897_W05_ALGEBRAIC_RESOLUTION_ANALYSIS.tex	040	11	translated_aligned	Modern-English segment aligned to the frozen French diplomatic source page; source topology retained.
ENSEG:W05:PDF040:0008	W05	source/english/tex/works/GAL1897_W05_ALGEBRAIC_RESOLUTION_ANALYSIS.tex	% ENSEG:W05:PDF040:0008	source/french_diplomatic/tex/works/GAL1897_W05_ALGEBRAIC_RESOLUTION_ANALYSIS.tex	040	11	translated_aligned	Modern-English segment aligned to the frozen French diplomatic source page; source topology retained.
ENSEG:W05:PDF040:0009	W05	source/english/tex/works/GAL1897_W05_ALGEBRAIC_RESOLUTION_ANALYSIS.tex	% ENSEG:W05:PDF040:0009	source/french_diplomatic/tex/works/GAL1897_W05_ALGEBRAIC_RESOLUTION_ANALYSIS.tex	040	11	translated_aligned	Modern-English segment aligned to the frozen French diplomatic source page; source topology retained.
ENSEG:W05:PDF040:0010	W05	source/english/tex/works/GAL1897_W05_ALGEBRAIC_RESOLUTION_ANALYSIS.tex	% ENSEG:W05:PDF040:0010	source/french_diplomatic/tex/works/GAL1897_W05_ALGEBRAIC_RESOLUTION_ANALYSIS.tex	040	11	translated_aligned	Modern-English segment aligned to the frozen French diplomatic source page; source topology retained.
ENSEG:W05:PDF040:0011	W05	source/english/tex/works/GAL1897_W05_ALGEBRAIC_RESOLUTION_ANALYSIS.tex	% ENSEG:W05:PDF040:0011	source/french_diplomatic/tex/works/GAL1897_W05_ALGEBRAIC_RESOLUTION_ANALYSIS.tex	040	11	translated_aligned	Modern-English segment aligned to the frozen French diplomatic source page; source topology retained.
ENSEG:W05:PDF040:0012	W05	source/english/tex/works/GAL1897_W05_ALGEBRAIC_RESOLUTION_ANALYSIS.tex	% ENSEG:W05:PDF040:0012	source/french_diplomatic/tex/works/GAL1897_W05_ALGEBRAIC_RESOLUTION_ANALYSIS.tex	040	11	translated_aligned	Modern-English segment aligned to the frozen French diplomatic source page; source topology retained.
ENSEG:W05:PDF040:0013	W05	source/english/tex/works/GAL1897_W05_ALGEBRAIC_RESOLUTION_ANALYSIS.tex	% ENSEG:W05:PDF040:0013	source/french_diplomatic/tex/works/GAL1897_W05_ALGEBRAIC_RESOLUTION_ANALYSIS.tex	040	11	translated_aligned	Modern-English segment aligned to the frozen French diplomatic source page; source topology retained.
ENSEG:W05:PDF041:0014	W05	source/english/tex/works/GAL1897_W05_ALGEBRAIC_RESOLUTION_ANALYSIS.tex	% ENSEG:W05:PDF041:0014	source/french_diplomatic/tex/works/GAL1897_W05_ALGEBRAIC_RESOLUTION_ANALYSIS.tex	041	12	translated_aligned	Modern-English segment aligned to the frozen French diplomatic source page; source topology retained.
ENSEG:W05:PDF041:0015	W05	source/english/tex/works/GAL1897_W05_ALGEBRAIC_RESOLUTION_ANALYSIS.tex	% ENSEG:W05:PDF041:0015	source/french_diplomatic/tex/works/GAL1897_W05_ALGEBRAIC_RESOLUTION_ANALYSIS.tex	041	12	translated_aligned	Modern-English segment aligned to the frozen French diplomatic source page; source topology retained.
ENSEG:W05:PDF041:0016	W05	source/english/tex/works/GAL1897_W05_ALGEBRAIC_RESOLUTION_ANALYSIS.tex	% ENSEG:W05:PDF041:0016	source/french_diplomatic/tex/works/GAL1897_W05_ALGEBRAIC_RESOLUTION_ANALYSIS.tex	041	12	translated_aligned	Modern-English segment aligned to the frozen French diplomatic source page; source topology retained.
ENSEG:W05:PDF041:0017	W05	source/english/tex/works/GAL1897_W05_ALGEBRAIC_RESOLUTION_ANALYSIS.tex	% ENSEG:W05:PDF041:0017	source/french_diplomatic/tex/works/GAL1897_W05_ALGEBRAIC_RESOLUTION_ANALYSIS.tex	041	12	translated_aligned	Modern-English segment aligned to the frozen French diplomatic source page; source topology retained.
ENSEG:W05:PDF041:0018	W05	source/english/tex/works/GAL1897_W05_ALGEBRAIC_RESOLUTION_ANALYSIS.tex	% ENSEG:W05:PDF041:0018	source/french_diplomatic/tex/works/GAL1897_W05_ALGEBRAIC_RESOLUTION_ANALYSIS.tex	041	12	translated_aligned	Modern-English segment aligned to the frozen French diplomatic source page; source topology retained.
ENSEG:W05:PDF041:0019	W05	source/english/tex/works/GAL1897_W05_ALGEBRAIC_RESOLUTION_ANALYSIS.tex	% ENSEG:W05:PDF041:0019	source/french_diplomatic/tex/works/GAL1897_W05_ALGEBRAIC_RESOLUTION_ANALYSIS.tex	041	12	translated_aligned	Modern-English segment aligned to the frozen French diplomatic source page; source topology retained.
ENSEG:W05:PDF041:0020	W05	source/english/tex/works/GAL1897_W05_ALGEBRAIC_RESOLUTION_ANALYSIS.tex	% ENSEG:W05:PDF041:0020	source/french_diplomatic/tex/works/GAL1897_W05_ALGEBRAIC_RESOLUTION_ANALYSIS.tex	041	12	translated_aligned	Modern-English segment aligned to the frozen French diplomatic source page; source topology retained.
ENSEG:W05:PDF041:0021	W05	source/english/tex/works/GAL1897_W05_ALGEBRAIC_RESOLUTION_ANALYSIS.tex	% ENSEG:W05:PDF041:0021	source/french_diplomatic/tex/works/GAL1897_W05_ALGEBRAIC_RESOLUTION_ANALYSIS.tex	041	12	translated_aligned	Modern-English segment aligned to the frozen French diplomatic source page; source topology retained.
ENSEG:W06:PDF042:0001	W06	source/english/tex/works/GAL1897_W06_NUMERICAL_EQUATIONS.tex	% ENSEG:W06:PDF042:0001	source/french_diplomatic/tex/works/GAL1897_W06_NUMERICAL_EQUATIONS.tex	042	13	translated_aligned	Modern-English segment aligned to the frozen French diplomatic source page; source topology retained.
ENSEG:W06:PDF042:0002	W06	source/english/tex/works/GAL1897_W06_NUMERICAL_EQUATIONS.tex	% ENSEG:W06:PDF042:0002	source/french_diplomatic/tex/works/GAL1897_W06_NUMERICAL_EQUATIONS.tex	042	13	translated_aligned	Modern-English segment aligned to the frozen French diplomatic source page; source topology retained.
ENSEG:W06:PDF042:0003	W06	source/english/tex/works/GAL1897_W06_NUMERICAL_EQUATIONS.tex	% ENSEG:W06:PDF042:0003	source/french_diplomatic/tex/works/GAL1897_W06_NUMERICAL_EQUATIONS.tex	042	13	translated_aligned	Modern-English segment aligned to the frozen French diplomatic source page; source topology retained.
ENSEG:W06:PDF042:0004	W06	source/english/tex/works/GAL1897_W06_NUMERICAL_EQUATIONS.tex	% ENSEG:W06:PDF042:0004	source/french_diplomatic/tex/works/GAL1897_W06_NUMERICAL_EQUATIONS.tex	042	13	translated_aligned	Modern-English segment aligned to the frozen French diplomatic source page; source topology retained.
ENSEG:W06:PDF042:0005	W06	source/english/tex/works/GAL1897_W06_NUMERICAL_EQUATIONS.tex	% ENSEG:W06:PDF042:0005	source/french_diplomatic/tex/works/GAL1897_W06_NUMERICAL_EQUATIONS.tex	042	13	translated_aligned	Modern-English segment aligned to the frozen French diplomatic source page; source topology retained.
ENSEG:W06:PDF042:0006	W06	source/english/tex/works/GAL1897_W06_NUMERICAL_EQUATIONS.tex	% ENSEG:W06:PDF042:0006	source/french_diplomatic/tex/works/GAL1897_W06_NUMERICAL_EQUATIONS.tex	042	13	translated_aligned	Modern-English segment aligned to the frozen French diplomatic source page; source topology retained.
ENSEG:W06:PDF042:0007	W06	source/english/tex/works/GAL1897_W06_NUMERICAL_EQUATIONS.tex	% ENSEG:W06:PDF042:0007	source/french_diplomatic/tex/works/GAL1897_W06_NUMERICAL_EQUATIONS.tex	042	13	translated_aligned	Modern-English segment aligned to the frozen French diplomatic source page; source topology retained.
ENSEG:W06:PDF042:0008	W06	source/english/tex/works/GAL1897_W06_NUMERICAL_EQUATIONS.tex	% ENSEG:W06:PDF042:0008	source/french_diplomatic/tex/works/GAL1897_W06_NUMERICAL_EQUATIONS.tex	042	13	translated_aligned	Modern-English segment aligned to the frozen French diplomatic source page; source topology retained.
ENSEG:W06:PDF042:0009	W06	source/english/tex/works/GAL1897_W06_NUMERICAL_EQUATIONS.tex	% ENSEG:W06:PDF042:0009	source/french_diplomatic/tex/works/GAL1897_W06_NUMERICAL_EQUATIONS.tex	042	13	translated_aligned	Modern-English segment aligned to the frozen French diplomatic source page; source topology retained.
ENSEG:W06:PDF042:0010	W06	source/english/tex/works/GAL1897_W06_NUMERICAL_EQUATIONS.tex	% ENSEG:W06:PDF042:0010	source/french_diplomatic/tex/works/GAL1897_W06_NUMERICAL_EQUATIONS.tex	042	13	translated_aligned	Modern-English segment aligned to the frozen French diplomatic source page; source topology retained.
ENSEG:W06:PDF043:0011	W06	source/english/tex/works/GAL1897_W06_NUMERICAL_EQUATIONS.tex	% ENSEG:W06:PDF043:0011	source/french_diplomatic/tex/works/GAL1897_W06_NUMERICAL_EQUATIONS.tex	043	14	translated_aligned	Modern-English segment aligned to the frozen French diplomatic source page; source topology retained.
ENSEG:W06:PDF043:0012	W06	source/english/tex/works/GAL1897_W06_NUMERICAL_EQUATIONS.tex	% ENSEG:W06:PDF043:0012	source/french_diplomatic/tex/works/GAL1897_W06_NUMERICAL_EQUATIONS.tex	043	14	translated_aligned	Modern-English segment aligned to the frozen French diplomatic source page; source topology retained.
ENSEG:W06:PDF043:0013	W06	source/english/tex/works/GAL1897_W06_NUMERICAL_EQUATIONS.tex	% ENSEG:W06:PDF043:0013	source/french_diplomatic/tex/works/GAL1897_W06_NUMERICAL_EQUATIONS.tex	043	14	translated_aligned	Modern-English segment aligned to the frozen French diplomatic source page; source topology retained.
ENSEG:W06:PDF043:0014	W06	source/english/tex/works/GAL1897_W06_NUMERICAL_EQUATIONS.tex	% ENSEG:W06:PDF043:0014	source/french_diplomatic/tex/works/GAL1897_W06_NUMERICAL_EQUATIONS.tex	043	14	translated_aligned	Modern-English segment aligned to the frozen French diplomatic source page; source topology retained.
ENSEG:W06:PDF043:0015	W06	source/english/tex/works/GAL1897_W06_NUMERICAL_EQUATIONS.tex	% ENSEG:W06:PDF043:0015	source/french_diplomatic/tex/works/GAL1897_W06_NUMERICAL_EQUATIONS.tex	043	14	translated_aligned	Modern-English segment aligned to the frozen French diplomatic source page; source topology retained.
ENSEG:W06:PDF043:0016	W06	source/english/tex/works/GAL1897_W06_NUMERICAL_EQUATIONS.tex	% ENSEG:W06:PDF043:0016	source/french_diplomatic/tex/works/GAL1897_W06_NUMERICAL_EQUATIONS.tex	043	14	translated_aligned	Modern-English segment aligned to the frozen French diplomatic source page; source topology retained.
ENSEG:W06:PDF043:0017	W06	source/english/tex/works/GAL1897_W06_NUMERICAL_EQUATIONS.tex	% ENSEG:W06:PDF043:0017	source/french_diplomatic/tex/works/GAL1897_W06_NUMERICAL_EQUATIONS.tex	043	14	translated_aligned	Modern-English segment aligned to the frozen French diplomatic source page; source topology retained.
ENSEG:W06:PDF043:0018	W06	source/english/tex/works/GAL1897_W06_NUMERICAL_EQUATIONS.tex	% ENSEG:W06:PDF043:0018	source/french_diplomatic/tex/works/GAL1897_W06_NUMERICAL_EQUATIONS.tex	043	14	translated_aligned	Modern-English segment aligned to the frozen French diplomatic source page; source topology retained.
ENSEG:W06:PDF043:0019	W06	source/english/tex/works/GAL1897_W06_NUMERICAL_EQUATIONS.tex	% ENSEG:W06:PDF043:0019	source/french_diplomatic/tex/works/GAL1897_W06_NUMERICAL_EQUATIONS.tex	043	14	translated_aligned	Modern-English segment aligned to the frozen French diplomatic source page; source topology retained.
ENSEG:W06:PDF043:0020	W06	source/english/tex/works/GAL1897_W06_NUMERICAL_EQUATIONS.tex	% ENSEG:W06:PDF043:0020	source/french_diplomatic/tex/works/GAL1897_W06_NUMERICAL_EQUATIONS.tex	043	14	translated_aligned	Modern-English segment aligned to the frozen French diplomatic source page; source topology retained.
ENSEG:W06:PDF043:0021	W06	source/english/tex/works/GAL1897_W06_NUMERICAL_EQUATIONS.tex	% ENSEG:W06:PDF043:0021	source/french_diplomatic/tex/works/GAL1897_W06_NUMERICAL_EQUATIONS.tex	043	14	translated_aligned	Modern-English segment aligned to the frozen French diplomatic source page; source topology retained.
ENSEG:W06:PDF043:0022	W06	source/english/tex/works/GAL1897_W06_NUMERICAL_EQUATIONS.tex	% ENSEG:W06:PDF043:0022	source/french_diplomatic/tex/works/GAL1897_W06_NUMERICAL_EQUATIONS.tex	043	14	translated_aligned	Modern-English segment aligned to the frozen French diplomatic source page; source topology retained.
ENSEG:W06:PDF043:0023	W06	source/english/tex/works/GAL1897_W06_NUMERICAL_EQUATIONS.tex	% ENSEG:W06:PDF043:0023	source/french_diplomatic/tex/works/GAL1897_W06_NUMERICAL_EQUATIONS.tex	043	14	translated_aligned	Modern-English segment aligned to the frozen French diplomatic source page; source topology retained.
ENSEG:W06:PDF043:0024	W06	source/english/tex/works/GAL1897_W06_NUMERICAL_EQUATIONS.tex	% ENSEG:W06:PDF043:0024	source/french_diplomatic/tex/works/GAL1897_W06_NUMERICAL_EQUATIONS.tex	043	14	translated_aligned	Modern-English segment aligned to the frozen French diplomatic source page; source topology retained.
ENSEG:W06:PDF043:0025	W06	source/english/tex/works/GAL1897_W06_NUMERICAL_EQUATIONS.tex	% ENSEG:W06:PDF043:0025	source/french_diplomatic/tex/works/GAL1897_W06_NUMERICAL_EQUATIONS.tex	043	14	translated_aligned	Modern-English segment aligned to the frozen French diplomatic source page; source topology retained.
ENSEG:W06:PDF043:0026	W06	source/english/tex/works/GAL1897_W06_NUMERICAL_EQUATIONS.tex	% ENSEG:W06:PDF043:0026	source/french_diplomatic/tex/works/GAL1897_W06_NUMERICAL_EQUATIONS.tex	043	14	translated_aligned	Modern-English segment aligned to the frozen French diplomatic source page; source topology retained.
ENSEG:W06:PDF043:0027	W06	source/english/tex/works/GAL1897_W06_NUMERICAL_EQUATIONS.tex	% ENSEG:W06:PDF043:0027	source/french_diplomatic/tex/works/GAL1897_W06_NUMERICAL_EQUATIONS.tex	043	14	translated_aligned	Modern-English segment aligned to the frozen French diplomatic source page; source topology retained.
ENSEG:W07:PDF044:0001	W07	source/english/tex/works/GAL1897_W07_NUMBER_THEORY.tex	% ENSEG:W07:PDF044:0001	source/french_diplomatic/tex/works/GAL1897_W07_NUMBER_THEORY.tex	044	15	translated_aligned	Modern-English segment aligned to the frozen French diplomatic source page; source topology retained.
ENSEG:W07:PDF044:0002	W07	source/english/tex/works/GAL1897_W07_NUMBER_THEORY.tex	% ENSEG:W07:PDF044:0002	source/french_diplomatic/tex/works/GAL1897_W07_NUMBER_THEORY.tex	044	15	translated_aligned	Modern-English segment aligned to the frozen French diplomatic source page; source topology retained.
ENSEG:W07:PDF044:0003	W07	source/english/tex/works/GAL1897_W07_NUMBER_THEORY.tex	% ENSEG:W07:PDF044:0003	source/french_diplomatic/tex/works/GAL1897_W07_NUMBER_THEORY.tex	044	15	translated_aligned	Modern-English segment aligned to the frozen French diplomatic source page; source topology retained.
ENSEG:W07:PDF044:0004	W07	source/english/tex/works/GAL1897_W07_NUMBER_THEORY.tex	% ENSEG:W07:PDF044:0004	source/french_diplomatic/tex/works/GAL1897_W07_NUMBER_THEORY.tex	044	15	translated_aligned	Modern-English segment aligned to the frozen French diplomatic source page; source topology retained.
ENSEG:W07:PDF044:0005	W07	source/english/tex/works/GAL1897_W07_NUMBER_THEORY.tex	% ENSEG:W07:PDF044:0005	source/french_diplomatic/tex/works/GAL1897_W07_NUMBER_THEORY.tex	044	15	translated_aligned	Modern-English segment aligned to the frozen French diplomatic source page; source topology retained.
ENSEG:W07:PDF044:0006	W07	source/english/tex/works/GAL1897_W07_NUMBER_THEORY.tex	% ENSEG:W07:PDF044:0006	source/french_diplomatic/tex/works/GAL1897_W07_NUMBER_THEORY.tex	044	15	translated_aligned	Modern-English segment aligned to the frozen French diplomatic source page; source topology retained.
ENSEG:W07:PDF044:0007	W07	source/english/tex/works/GAL1897_W07_NUMBER_THEORY.tex	% ENSEG:W07:PDF044:0007	source/french_diplomatic/tex/works/GAL1897_W07_NUMBER_THEORY.tex	044	15	translated_aligned	Modern-English segment aligned to the frozen French diplomatic source page; source topology retained.
ENSEG:W07:PDF044:0008	W07	source/english/tex/works/GAL1897_W07_NUMBER_THEORY.tex	% ENSEG:W07:PDF044:0008	source/french_diplomatic/tex/works/GAL1897_W07_NUMBER_THEORY.tex	044	15	translated_aligned	Modern-English segment aligned to the frozen French diplomatic source page; source topology retained.
ENSEG:W07:PDF044:0009	W07	source/english/tex/works/GAL1897_W07_NUMBER_THEORY.tex	% ENSEG:W07:PDF044:0009	source/french_diplomatic/tex/works/GAL1897_W07_NUMBER_THEORY.tex	044	15	translated_aligned	Modern-English segment aligned to the frozen French diplomatic source page; source topology retained.
ENSEG:W07:PDF044:0010	W07	source/english/tex/works/GAL1897_W07_NUMBER_THEORY.tex	% ENSEG:W07:PDF044:0010	source/french_diplomatic/tex/works/GAL1897_W07_NUMBER_THEORY.tex	044	15	translated_aligned	Modern-English segment aligned to the frozen French diplomatic source page; source topology retained.
ENSEG:W07:PDF045:0011	W07	source/english/tex/works/GAL1897_W07_NUMBER_THEORY.tex	% ENSEG:W07:PDF045:0011	source/french_diplomatic/tex/works/GAL1897_W07_NUMBER_THEORY.tex	045	16	translated_aligned	Modern-English segment aligned to the frozen French diplomatic source page; source topology retained.
ENSEG:W07:PDF045:0012	W07	source/english/tex/works/GAL1897_W07_NUMBER_THEORY.tex	% ENSEG:W07:PDF045:0012	source/french_diplomatic/tex/works/GAL1897_W07_NUMBER_THEORY.tex	045	16	translated_aligned	Modern-English segment aligned to the frozen French diplomatic source page; source topology retained.
ENSEG:W07:PDF045:0013	W07	source/english/tex/works/GAL1897_W07_NUMBER_THEORY.tex	% ENSEG:W07:PDF045:0013	source/french_diplomatic/tex/works/GAL1897_W07_NUMBER_THEORY.tex	045	16	translated_aligned	Modern-English segment aligned to the frozen French diplomatic source page; source topology retained.
ENSEG:W07:PDF045:0014	W07	source/english/tex/works/GAL1897_W07_NUMBER_THEORY.tex	% ENSEG:W07:PDF045:0014	source/french_diplomatic/tex/works/GAL1897_W07_NUMBER_THEORY.tex	045	16	translated_aligned	Modern-English segment aligned to the frozen French diplomatic source page; source topology retained.
ENSEG:W07:PDF045:0015	W07	source/english/tex/works/GAL1897_W07_NUMBER_THEORY.tex	% ENSEG:W07:PDF045:0015	source/french_diplomatic/tex/works/GAL1897_W07_NUMBER_THEORY.tex	045	16	translated_aligned	Modern-English segment aligned to the frozen French diplomatic source page; source topology retained.
ENSEG:W07:PDF045:0016	W07	source/english/tex/works/GAL1897_W07_NUMBER_THEORY.tex	% ENSEG:W07:PDF045:0016	source/french_diplomatic/tex/works/GAL1897_W07_NUMBER_THEORY.tex	045	16	translated_aligned	Modern-English segment aligned to the frozen French diplomatic source page; source topology retained.
ENSEG:W07:PDF045:0017	W07	source/english/tex/works/GAL1897_W07_NUMBER_THEORY.tex	% ENSEG:W07:PDF045:0017	source/french_diplomatic/tex/works/GAL1897_W07_NUMBER_THEORY.tex	045	16	translated_aligned	Modern-English segment aligned to the frozen French diplomatic source page; source topology retained.
ENSEG:W07:PDF045:0018	W07	source/english/tex/works/GAL1897_W07_NUMBER_THEORY.tex	% ENSEG:W07:PDF045:0018	source/french_diplomatic/tex/works/GAL1897_W07_NUMBER_THEORY.tex	045	16	translated_aligned	Modern-English segment aligned to the frozen French diplomatic source page; source topology retained.
ENSEG:W07:PDF045:0019	W07	source/english/tex/works/GAL1897_W07_NUMBER_THEORY.tex	% ENSEG:W07:PDF045:0019	source/french_diplomatic/tex/works/GAL1897_W07_NUMBER_THEORY.tex	045	16	translated_aligned	Modern-English segment aligned to the frozen French diplomatic source page; source topology retained.
ENSEG:W07:PDF045:0020	W07	source/english/tex/works/GAL1897_W07_NUMBER_THEORY.tex	% ENSEG:W07:PDF045:0020	source/french_diplomatic/tex/works/GAL1897_W07_NUMBER_THEORY.tex	045	16	translated_aligned	Modern-English segment aligned to the frozen French diplomatic source page; source topology retained.
ENSEG:W07:PDF046:0021	W07	source/english/tex/works/GAL1897_W07_NUMBER_THEORY.tex	% ENSEG:W07:PDF046:0021	source/french_diplomatic/tex/works/GAL1897_W07_NUMBER_THEORY.tex	046	17	translated_aligned	Modern-English segment aligned to the frozen French diplomatic source page; source topology retained.
ENSEG:W07:PDF046:0022	W07	source/english/tex/works/GAL1897_W07_NUMBER_THEORY.tex	% ENSEG:W07:PDF046:0022	source/french_diplomatic/tex/works/GAL1897_W07_NUMBER_THEORY.tex	046	17	translated_aligned	Modern-English segment aligned to the frozen French diplomatic source page; source topology retained.
ENSEG:W07:PDF046:0023	W07	source/english/tex/works/GAL1897_W07_NUMBER_THEORY.tex	% ENSEG:W07:PDF046:0023	source/french_diplomatic/tex/works/GAL1897_W07_NUMBER_THEORY.tex	046	17	translated_aligned	Modern-English segment aligned to the frozen French diplomatic source page; source topology retained.
ENSEG:W07:PDF046:0024	W07	source/english/tex/works/GAL1897_W07_NUMBER_THEORY.tex	% ENSEG:W07:PDF046:0024	source/french_diplomatic/tex/works/GAL1897_W07_NUMBER_THEORY.tex	046	17	translated_aligned	Modern-English segment aligned to the frozen French diplomatic source page; source topology retained.
ENSEG:W07:PDF046:0025	W07	source/english/tex/works/GAL1897_W07_NUMBER_THEORY.tex	% ENSEG:W07:PDF046:0025	source/french_diplomatic/tex/works/GAL1897_W07_NUMBER_THEORY.tex	046	17	translated_aligned	Modern-English segment aligned to the frozen French diplomatic source page; source topology retained.
ENSEG:W07:PDF046:0026	W07	source/english/tex/works/GAL1897_W07_NUMBER_THEORY.tex	% ENSEG:W07:PDF046:0026	source/french_diplomatic/tex/works/GAL1897_W07_NUMBER_THEORY.tex	046	17	translated_aligned	Modern-English segment aligned to the frozen French diplomatic source page; source topology retained.
ENSEG:W07:PDF046:0027	W07	source/english/tex/works/GAL1897_W07_NUMBER_THEORY.tex	% ENSEG:W07:PDF046:0027	source/french_diplomatic/tex/works/GAL1897_W07_NUMBER_THEORY.tex	046	17	translated_aligned	Modern-English segment aligned to the frozen French diplomatic source page; source topology retained.
ENSEG:W07:PDF046:0028	W07	source/english/tex/works/GAL1897_W07_NUMBER_THEORY.tex	% ENSEG:W07:PDF046:0028	source/french_diplomatic/tex/works/GAL1897_W07_NUMBER_THEORY.tex	046	17	translated_aligned	Modern-English segment aligned to the frozen French diplomatic source page; source topology retained.
ENSEG:W07:PDF046:0029	W07	source/english/tex/works/GAL1897_W07_NUMBER_THEORY.tex	% ENSEG:W07:PDF046:0029	source/french_diplomatic/tex/works/GAL1897_W07_NUMBER_THEORY.tex	046	17	translated_aligned	Modern-English segment aligned to the frozen French diplomatic source page; source topology retained.
ENSEG:W07:PDF046:0030	W07	source/english/tex/works/GAL1897_W07_NUMBER_THEORY.tex	% ENSEG:W07:PDF046:0030	source/french_diplomatic/tex/works/GAL1897_W07_NUMBER_THEORY.tex	046	17	translated_aligned	Modern-English segment aligned to the frozen French diplomatic source page; source topology retained.
ENSEG:W07:PDF046:0031	W07	source/english/tex/works/GAL1897_W07_NUMBER_THEORY.tex	% ENSEG:W07:PDF046:0031	source/french_diplomatic/tex/works/GAL1897_W07_NUMBER_THEORY.tex	046	17	translated_aligned	Modern-English segment aligned to the frozen French diplomatic source page; source topology retained.
ENSEG:W07:PDF046:0032	W07	source/english/tex/works/GAL1897_W07_NUMBER_THEORY.tex	% ENSEG:W07:PDF046:0032	source/french_diplomatic/tex/works/GAL1897_W07_NUMBER_THEORY.tex	046	17	translated_aligned	Modern-English segment aligned to the frozen French diplomatic source page; source topology retained.
ENSEG:W07:PDF046:0033	W07	source/english/tex/works/GAL1897_W07_NUMBER_THEORY.tex	% ENSEG:W07:PDF046:0033	source/french_diplomatic/tex/works/GAL1897_W07_NUMBER_THEORY.tex	046	17	translated_aligned	Modern-English segment aligned to the frozen French diplomatic source page; source topology retained.
ENSEG:W07:PDF046:0034	W07	source/english/tex/works/GAL1897_W07_NUMBER_THEORY.tex	% ENSEG:W07:PDF046:0034	source/french_diplomatic/tex/works/GAL1897_W07_NUMBER_THEORY.tex	046	17	translated_aligned	Modern-English segment aligned to the frozen French diplomatic source page; source topology retained.
ENSEG:W07:PDF046:0035	W07	source/english/tex/works/GAL1897_W07_NUMBER_THEORY.tex	% ENSEG:W07:PDF046:0035	source/french_diplomatic/tex/works/GAL1897_W07_NUMBER_THEORY.tex	046	17	translated_aligned	Modern-English segment aligned to the frozen French diplomatic source page; source topology retained.
ENSEG:W07:PDF046:0036	W07	source/english/tex/works/GAL1897_W07_NUMBER_THEORY.tex	% ENSEG:W07:PDF046:0036	source/french_diplomatic/tex/works/GAL1897_W07_NUMBER_THEORY.tex	046	17	translated_aligned	Modern-English segment aligned to the frozen French diplomatic source page; source topology retained.
ENSEG:W07:PDF046:0122	W07	source/english/tex/works/GAL1897_W07_NUMBER_THEORY.tex	% ENSEG:W07:PDF046:0122	source/french_diplomatic/tex/works/GAL1897_W07_NUMBER_THEORY.tex	046	17	translated_aligned	Modern-English segment aligned to the frozen French diplomatic source page; source topology retained.
ENSEG:W07:PDF047:0037	W07	source/english/tex/works/GAL1897_W07_NUMBER_THEORY.tex	% ENSEG:W07:PDF047:0037	source/french_diplomatic/tex/works/GAL1897_W07_NUMBER_THEORY.tex	047	18	translated_aligned	Modern-English segment aligned to the frozen French diplomatic source page; source topology retained.
ENSEG:W07:PDF047:0038	W07	source/english/tex/works/GAL1897_W07_NUMBER_THEORY.tex	% ENSEG:W07:PDF047:0038	source/french_diplomatic/tex/works/GAL1897_W07_NUMBER_THEORY.tex	047	18	translated_aligned	Modern-English segment aligned to the frozen French diplomatic source page; source topology retained.
ENSEG:W07:PDF047:0039	W07	source/english/tex/works/GAL1897_W07_NUMBER_THEORY.tex	% ENSEG:W07:PDF047:0039	source/french_diplomatic/tex/works/GAL1897_W07_NUMBER_THEORY.tex	047	18	translated_aligned	Modern-English segment aligned to the frozen French diplomatic source page; source topology retained.
ENSEG:W07:PDF047:0040	W07	source/english/tex/works/GAL1897_W07_NUMBER_THEORY.tex	% ENSEG:W07:PDF047:0040	source/french_diplomatic/tex/works/GAL1897_W07_NUMBER_THEORY.tex	047	18	translated_aligned	Modern-English segment aligned to the frozen French diplomatic source page; source topology retained.
ENSEG:W07:PDF047:0041	W07	source/english/tex/works/GAL1897_W07_NUMBER_THEORY.tex	% ENSEG:W07:PDF047:0041	source/french_diplomatic/tex/works/GAL1897_W07_NUMBER_THEORY.tex	047	18	translated_aligned	Modern-English segment aligned to the frozen French diplomatic source page; source topology retained.
ENSEG:W07:PDF047:0042	W07	source/english/tex/works/GAL1897_W07_NUMBER_THEORY.tex	% ENSEG:W07:PDF047:0042	source/french_diplomatic/tex/works/GAL1897_W07_NUMBER_THEORY.tex	047	18	translated_aligned	Modern-English segment aligned to the frozen French diplomatic source page; source topology retained.
ENSEG:W07:PDF047:0043	W07	source/english/tex/works/GAL1897_W07_NUMBER_THEORY.tex	% ENSEG:W07:PDF047:0043	source/french_diplomatic/tex/works/GAL1897_W07_NUMBER_THEORY.tex	047	18	translated_aligned	Modern-English segment aligned to the frozen French diplomatic source page; source topology retained.
ENSEG:W07:PDF047:0044	W07	source/english/tex/works/GAL1897_W07_NUMBER_THEORY.tex	% ENSEG:W07:PDF047:0044	source/french_diplomatic/tex/works/GAL1897_W07_NUMBER_THEORY.tex	047	18	translated_aligned	Modern-English segment aligned to the frozen French diplomatic source page; source topology retained.
ENSEG:W07:PDF047:0045	W07	source/english/tex/works/GAL1897_W07_NUMBER_THEORY.tex	% ENSEG:W07:PDF047:0045	source/french_diplomatic/tex/works/GAL1897_W07_NUMBER_THEORY.tex	047	18	translated_aligned	Modern-English segment aligned to the frozen French diplomatic source page; source topology retained.
ENSEG:W07:PDF047:0046	W07	source/english/tex/works/GAL1897_W07_NUMBER_THEORY.tex	% ENSEG:W07:PDF047:0046	source/french_diplomatic/tex/works/GAL1897_W07_NUMBER_THEORY.tex	047	18	translated_aligned	Modern-English segment aligned to the frozen French diplomatic source page; source topology retained.
ENSEG:W07:PDF047:0047	W07	source/english/tex/works/GAL1897_W07_NUMBER_THEORY.tex	% ENSEG:W07:PDF047:0047	source/french_diplomatic/tex/works/GAL1897_W07_NUMBER_THEORY.tex	047	18	translated_aligned	Modern-English segment aligned to the frozen French diplomatic source page; source topology retained.
ENSEG:W07:PDF047:0048	W07	source/english/tex/works/GAL1897_W07_NUMBER_THEORY.tex	% ENSEG:W07:PDF047:0048	source/french_diplomatic/tex/works/GAL1897_W07_NUMBER_THEORY.tex	047	18	translated_aligned	Modern-English segment aligned to the frozen French diplomatic source page; source topology retained.
ENSEG:W07:PDF047:0049	W07	source/english/tex/works/GAL1897_W07_NUMBER_THEORY.tex	% ENSEG:W07:PDF047:0049	source/french_diplomatic/tex/works/GAL1897_W07_NUMBER_THEORY.tex	047	18	translated_aligned	Modern-English segment aligned to the frozen French diplomatic source page; source topology retained.
ENSEG:W07:PDF047:0050	W07	source/english/tex/works/GAL1897_W07_NUMBER_THEORY.tex	% ENSEG:W07:PDF047:0050	source/french_diplomatic/tex/works/GAL1897_W07_NUMBER_THEORY.tex	047	18	translated_aligned	Modern-English segment aligned to the frozen French diplomatic source page; source topology retained.
ENSEG:W07:PDF047:0051	W07	source/english/tex/works/GAL1897_W07_NUMBER_THEORY.tex	% ENSEG:W07:PDF047:0051	source/french_diplomatic/tex/works/GAL1897_W07_NUMBER_THEORY.tex	047	18	translated_aligned	Modern-English segment aligned to the frozen French diplomatic source page; source topology retained.
ENSEG:W07:PDF047:0052	W07	source/english/tex/works/GAL1897_W07_NUMBER_THEORY.tex	% ENSEG:W07:PDF047:0052	source/french_diplomatic/tex/works/GAL1897_W07_NUMBER_THEORY.tex	047	18	translated_aligned	Modern-English segment aligned to the frozen French diplomatic source page; source topology retained.
ENSEG:W07:PDF047:0053	W07	source/english/tex/works/GAL1897_W07_NUMBER_THEORY.tex	% ENSEG:W07:PDF047:0053	source/french_diplomatic/tex/works/GAL1897_W07_NUMBER_THEORY.tex	047	18	translated_aligned	Modern-English segment aligned to the frozen French diplomatic source page; source topology retained.
ENSEG:W07:PDF047:0054	W07	source/english/tex/works/GAL1897_W07_NUMBER_THEORY.tex	% ENSEG:W07:PDF047:0054	source/french_diplomatic/tex/works/GAL1897_W07_NUMBER_THEORY.tex	047	18	translated_aligned	Modern-English segment aligned to the frozen French diplomatic source page; source topology retained.
ENSEG:W07:PDF048:0055	W07	source/english/tex/works/GAL1897_W07_NUMBER_THEORY.tex	% ENSEG:W07:PDF048:0055	source/french_diplomatic/tex/works/GAL1897_W07_NUMBER_THEORY.tex	048	19	translated_aligned	Modern-English segment aligned to the frozen French diplomatic source page; source topology retained.
ENSEG:W07:PDF048:0056	W07	source/english/tex/works/GAL1897_W07_NUMBER_THEORY.tex	% ENSEG:W07:PDF048:0056	source/french_diplomatic/tex/works/GAL1897_W07_NUMBER_THEORY.tex	048	19	translated_aligned	Modern-English segment aligned to the frozen French diplomatic source page; source topology retained.
ENSEG:W07:PDF048:0057	W07	source/english/tex/works/GAL1897_W07_NUMBER_THEORY.tex	% ENSEG:W07:PDF048:0057	source/french_diplomatic/tex/works/GAL1897_W07_NUMBER_THEORY.tex	048	19	translated_aligned	Modern-English segment aligned to the frozen French diplomatic source page; source topology retained.
ENSEG:W07:PDF048:0058	W07	source/english/tex/works/GAL1897_W07_NUMBER_THEORY.tex	% ENSEG:W07:PDF048:0058	source/french_diplomatic/tex/works/GAL1897_W07_NUMBER_THEORY.tex	048	19	translated_aligned	Modern-English segment aligned to the frozen French diplomatic source page; source topology retained.
ENSEG:W07:PDF048:0059	W07	source/english/tex/works/GAL1897_W07_NUMBER_THEORY.tex	% ENSEG:W07:PDF048:0059	source/french_diplomatic/tex/works/GAL1897_W07_NUMBER_THEORY.tex	048	19	translated_aligned	Modern-English segment aligned to the frozen French diplomatic source page; source topology retained.
ENSEG:W07:PDF048:0060	W07	source/english/tex/works/GAL1897_W07_NUMBER_THEORY.tex	% ENSEG:W07:PDF048:0060	source/french_diplomatic/tex/works/GAL1897_W07_NUMBER_THEORY.tex	048	19	translated_aligned	Modern-English segment aligned to the frozen French diplomatic source page; source topology retained.
ENSEG:W07:PDF048:0061	W07	source/english/tex/works/GAL1897_W07_NUMBER_THEORY.tex	% ENSEG:W07:PDF048:0061	source/french_diplomatic/tex/works/GAL1897_W07_NUMBER_THEORY.tex	048	19	translated_aligned	Modern-English segment aligned to the frozen French diplomatic source page; source topology retained.
ENSEG:W07:PDF048:0062	W07	source/english/tex/works/GAL1897_W07_NUMBER_THEORY.tex	% ENSEG:W07:PDF048:0062	source/french_diplomatic/tex/works/GAL1897_W07_NUMBER_THEORY.tex	048	19	translated_aligned	Modern-English segment aligned to the frozen French diplomatic source page; source topology retained.
ENSEG:W07:PDF048:0063	W07	source/english/tex/works/GAL1897_W07_NUMBER_THEORY.tex	% ENSEG:W07:PDF048:0063	source/french_diplomatic/tex/works/GAL1897_W07_NUMBER_THEORY.tex	048	19	translated_aligned	Modern-English segment aligned to the frozen French diplomatic source page; source topology retained.
ENSEG:W07:PDF048:0064	W07	source/english/tex/works/GAL1897_W07_NUMBER_THEORY.tex	% ENSEG:W07:PDF048:0064	source/french_diplomatic/tex/works/GAL1897_W07_NUMBER_THEORY.tex	048	19	translated_aligned	Modern-English segment aligned to the frozen French diplomatic source page; source topology retained.
ENSEG:W07:PDF048:0065	W07	source/english/tex/works/GAL1897_W07_NUMBER_THEORY.tex	% ENSEG:W07:PDF048:0065	source/french_diplomatic/tex/works/GAL1897_W07_NUMBER_THEORY.tex	048	19	translated_aligned	Modern-English segment aligned to the frozen French diplomatic source page; source topology retained.
ENSEG:W07:PDF048:0066	W07	source/english/tex/works/GAL1897_W07_NUMBER_THEORY.tex	% ENSEG:W07:PDF048:0066	source/french_diplomatic/tex/works/GAL1897_W07_NUMBER_THEORY.tex	048	19	translated_aligned	Modern-English segment aligned to the frozen French diplomatic source page; source topology retained.
ENSEG:W07:PDF048:0067	W07	source/english/tex/works/GAL1897_W07_NUMBER_THEORY.tex	% ENSEG:W07:PDF048:0067	source/french_diplomatic/tex/works/GAL1897_W07_NUMBER_THEORY.tex	048	19	translated_aligned	Modern-English segment aligned to the frozen French diplomatic source page; source topology retained.
ENSEG:W07:PDF048:0068	W07	source/english/tex/works/GAL1897_W07_NUMBER_THEORY.tex	% ENSEG:W07:PDF048:0068	source/french_diplomatic/tex/works/GAL1897_W07_NUMBER_THEORY.tex	048	19	translated_aligned	Modern-English segment aligned to the frozen French diplomatic source page; source topology retained.
ENSEG:W07:PDF048:0069	W07	source/english/tex/works/GAL1897_W07_NUMBER_THEORY.tex	% ENSEG:W07:PDF048:0069	source/french_diplomatic/tex/works/GAL1897_W07_NUMBER_THEORY.tex	048	19	translated_aligned	Modern-English segment aligned to the frozen French diplomatic source page; source topology retained.
ENSEG:W07:PDF048:0070	W07	source/english/tex/works/GAL1897_W07_NUMBER_THEORY.tex	% ENSEG:W07:PDF048:0070	source/french_diplomatic/tex/works/GAL1897_W07_NUMBER_THEORY.tex	048	19	translated_aligned	Modern-English segment aligned to the frozen French diplomatic source page; source topology retained.
ENSEG:W07:PDF048:0071	W07	source/english/tex/works/GAL1897_W07_NUMBER_THEORY.tex	% ENSEG:W07:PDF048:0071	source/french_diplomatic/tex/works/GAL1897_W07_NUMBER_THEORY.tex	048	19	translated_aligned	Modern-English segment aligned to the frozen French diplomatic source page; source topology retained.
ENSEG:W07:PDF048:0072	W07	source/english/tex/works/GAL1897_W07_NUMBER_THEORY.tex	% ENSEG:W07:PDF048:0072	source/french_diplomatic/tex/works/GAL1897_W07_NUMBER_THEORY.tex	048	19	translated_aligned	Modern-English segment aligned to the frozen French diplomatic source page; source topology retained.
ENSEG:W07:PDF049:0073	W07	source/english/tex/works/GAL1897_W07_NUMBER_THEORY.tex	% ENSEG:W07:PDF049:0073	source/french_diplomatic/tex/works/GAL1897_W07_NUMBER_THEORY.tex	049	20	translated_aligned	Modern-English segment aligned to the frozen French diplomatic source page; source topology retained.
ENSEG:W07:PDF049:0074	W07	source/english/tex/works/GAL1897_W07_NUMBER_THEORY.tex	% ENSEG:W07:PDF049:0074	source/french_diplomatic/tex/works/GAL1897_W07_NUMBER_THEORY.tex	049	20	translated_aligned	Modern-English segment aligned to the frozen French diplomatic source page; source topology retained.
ENSEG:W07:PDF049:0075	W07	source/english/tex/works/GAL1897_W07_NUMBER_THEORY.tex	% ENSEG:W07:PDF049:0075	source/french_diplomatic/tex/works/GAL1897_W07_NUMBER_THEORY.tex	049	20	translated_aligned	Modern-English segment aligned to the frozen French diplomatic source page; source topology retained.
ENSEG:W07:PDF049:0076	W07	source/english/tex/works/GAL1897_W07_NUMBER_THEORY.tex	% ENSEG:W07:PDF049:0076	source/french_diplomatic/tex/works/GAL1897_W07_NUMBER_THEORY.tex	049	20	translated_aligned	Modern-English segment aligned to the frozen French diplomatic source page; source topology retained.
ENSEG:W07:PDF049:0077	W07	source/english/tex/works/GAL1897_W07_NUMBER_THEORY.tex	% ENSEG:W07:PDF049:0077	source/french_diplomatic/tex/works/GAL1897_W07_NUMBER_THEORY.tex	049	20	translated_aligned	Modern-English segment aligned to the frozen French diplomatic source page; source topology retained.
ENSEG:W07:PDF049:0078	W07	source/english/tex/works/GAL1897_W07_NUMBER_THEORY.tex	% ENSEG:W07:PDF049:0078	source/french_diplomatic/tex/works/GAL1897_W07_NUMBER_THEORY.tex	049	20	translated_aligned	Modern-English segment aligned to the frozen French diplomatic source page; source topology retained.
ENSEG:W07:PDF049:0079	W07	source/english/tex/works/GAL1897_W07_NUMBER_THEORY.tex	% ENSEG:W07:PDF049:0079	source/french_diplomatic/tex/works/GAL1897_W07_NUMBER_THEORY.tex	049	20	translated_aligned	Modern-English segment aligned to the frozen French diplomatic source page; source topology retained.
ENSEG:W07:PDF049:0080	W07	source/english/tex/works/GAL1897_W07_NUMBER_THEORY.tex	% ENSEG:W07:PDF049:0080	source/french_diplomatic/tex/works/GAL1897_W07_NUMBER_THEORY.tex	049	20	translated_aligned	Modern-English segment aligned to the frozen French diplomatic source page; source topology retained.
ENSEG:W07:PDF049:0081	W07	source/english/tex/works/GAL1897_W07_NUMBER_THEORY.tex	% ENSEG:W07:PDF049:0081	source/french_diplomatic/tex/works/GAL1897_W07_NUMBER_THEORY.tex	049	20	translated_aligned	Modern-English segment aligned to the frozen French diplomatic source page; source topology retained.
ENSEG:W07:PDF049:0082	W07	source/english/tex/works/GAL1897_W07_NUMBER_THEORY.tex	% ENSEG:W07:PDF049:0082	source/french_diplomatic/tex/works/GAL1897_W07_NUMBER_THEORY.tex	049	20	translated_aligned	Modern-English segment aligned to the frozen French diplomatic source page; source topology retained.
ENSEG:W07:PDF049:0083	W07	source/english/tex/works/GAL1897_W07_NUMBER_THEORY.tex	% ENSEG:W07:PDF049:0083	source/french_diplomatic/tex/works/GAL1897_W07_NUMBER_THEORY.tex	049	20	translated_aligned	Modern-English segment aligned to the frozen French diplomatic source page; source topology retained.
ENSEG:W07:PDF049:0084	W07	source/english/tex/works/GAL1897_W07_NUMBER_THEORY.tex	% ENSEG:W07:PDF049:0084	source/french_diplomatic/tex/works/GAL1897_W07_NUMBER_THEORY.tex	049	20	translated_aligned	Modern-English segment aligned to the frozen French diplomatic source page; source topology retained.
ENSEG:W07:PDF049:0085	W07	source/english/tex/works/GAL1897_W07_NUMBER_THEORY.tex	% ENSEG:W07:PDF049:0085	source/french_diplomatic/tex/works/GAL1897_W07_NUMBER_THEORY.tex	049	20	translated_aligned	Modern-English segment aligned to the frozen French diplomatic source page; source topology retained.
ENSEG:W07:PDF049:0086	W07	source/english/tex/works/GAL1897_W07_NUMBER_THEORY.tex	% ENSEG:W07:PDF049:0086	source/french_diplomatic/tex/works/GAL1897_W07_NUMBER_THEORY.tex	049	20	translated_aligned	Modern-English segment aligned to the frozen French diplomatic source page; source topology retained.
ENSEG:W07:PDF049:0087	W07	source/english/tex/works/GAL1897_W07_NUMBER_THEORY.tex	% ENSEG:W07:PDF049:0087	source/french_diplomatic/tex/works/GAL1897_W07_NUMBER_THEORY.tex	049	20	translated_aligned	Modern-English segment aligned to the frozen French diplomatic source page; source topology retained.
ENSEG:W07:PDF049:0088	W07	source/english/tex/works/GAL1897_W07_NUMBER_THEORY.tex	% ENSEG:W07:PDF049:0088	source/french_diplomatic/tex/works/GAL1897_W07_NUMBER_THEORY.tex	049	20	translated_aligned	Modern-English segment aligned to the frozen French diplomatic source page; source topology retained.
ENSEG:W07:PDF049:0089	W07	source/english/tex/works/GAL1897_W07_NUMBER_THEORY.tex	% ENSEG:W07:PDF049:0089	source/french_diplomatic/tex/works/GAL1897_W07_NUMBER_THEORY.tex	049	20	translated_aligned	Modern-English segment aligned to the frozen French diplomatic source page; source topology retained.
ENSEG:W07:PDF049:0090	W07	source/english/tex/works/GAL1897_W07_NUMBER_THEORY.tex	% ENSEG:W07:PDF049:0090	source/french_diplomatic/tex/works/GAL1897_W07_NUMBER_THEORY.tex	049	20	translated_aligned	Modern-English segment aligned to the frozen French diplomatic source page; source topology retained.
ENSEG:W07:PDF049:0091	W07	source/english/tex/works/GAL1897_W07_NUMBER_THEORY.tex	% ENSEG:W07:PDF049:0091	source/french_diplomatic/tex/works/GAL1897_W07_NUMBER_THEORY.tex	049	20	translated_aligned	Modern-English segment aligned to the frozen French diplomatic source page; source topology retained.
ENSEG:W07:PDF049:0092	W07	source/english/tex/works/GAL1897_W07_NUMBER_THEORY.tex	% ENSEG:W07:PDF049:0092	source/french_diplomatic/tex/works/GAL1897_W07_NUMBER_THEORY.tex	049	20	translated_aligned	Modern-English segment aligned to the frozen French diplomatic source page; source topology retained.
ENSEG:W07:PDF049:0093	W07	source/english/tex/works/GAL1897_W07_NUMBER_THEORY.tex	% ENSEG:W07:PDF049:0093	source/french_diplomatic/tex/works/GAL1897_W07_NUMBER_THEORY.tex	049	20	translated_aligned	Modern-English segment aligned to the frozen French diplomatic source page; source topology retained.
ENSEG:W07:PDF049:0094	W07	source/english/tex/works/GAL1897_W07_NUMBER_THEORY.tex	% ENSEG:W07:PDF049:0094	source/french_diplomatic/tex/works/GAL1897_W07_NUMBER_THEORY.tex	049	20	translated_aligned	Modern-English segment aligned to the frozen French diplomatic source page; source topology retained.
ENSEG:W07:PDF049:0095	W07	source/english/tex/works/GAL1897_W07_NUMBER_THEORY.tex	% ENSEG:W07:PDF049:0095	source/french_diplomatic/tex/works/GAL1897_W07_NUMBER_THEORY.tex	049	20	translated_aligned	Modern-English segment aligned to the frozen French diplomatic source page; source topology retained.
ENSEG:W07:PDF050:0096	W07	source/english/tex/works/GAL1897_W07_NUMBER_THEORY.tex	% ENSEG:W07:PDF050:0096	source/french_diplomatic/tex/works/GAL1897_W07_NUMBER_THEORY.tex	050	21	translated_aligned	Modern-English segment aligned to the frozen French diplomatic source page; source topology retained.
ENSEG:W07:PDF050:0097	W07	source/english/tex/works/GAL1897_W07_NUMBER_THEORY.tex	% ENSEG:W07:PDF050:0097	source/french_diplomatic/tex/works/GAL1897_W07_NUMBER_THEORY.tex	050	21	translated_aligned	Modern-English segment aligned to the frozen French diplomatic source page; source topology retained.
ENSEG:W07:PDF050:0098	W07	source/english/tex/works/GAL1897_W07_NUMBER_THEORY.tex	% ENSEG:W07:PDF050:0098	source/french_diplomatic/tex/works/GAL1897_W07_NUMBER_THEORY.tex	050	21	translated_aligned	Modern-English segment aligned to the frozen French diplomatic source page; source topology retained.
ENSEG:W07:PDF050:0099	W07	source/english/tex/works/GAL1897_W07_NUMBER_THEORY.tex	% ENSEG:W07:PDF050:0099	source/french_diplomatic/tex/works/GAL1897_W07_NUMBER_THEORY.tex	050	21	translated_aligned	Modern-English segment aligned to the frozen French diplomatic source page; source topology retained.
ENSEG:W07:PDF050:0100	W07	source/english/tex/works/GAL1897_W07_NUMBER_THEORY.tex	% ENSEG:W07:PDF050:0100	source/french_diplomatic/tex/works/GAL1897_W07_NUMBER_THEORY.tex	050	21	translated_aligned	Modern-English segment aligned to the frozen French diplomatic source page; source topology retained.
ENSEG:W07:PDF050:0101	W07	source/english/tex/works/GAL1897_W07_NUMBER_THEORY.tex	% ENSEG:W07:PDF050:0101	source/french_diplomatic/tex/works/GAL1897_W07_NUMBER_THEORY.tex	050	21	translated_aligned	Modern-English segment aligned to the frozen French diplomatic source page; source topology retained.
ENSEG:W07:PDF050:0102	W07	source/english/tex/works/GAL1897_W07_NUMBER_THEORY.tex	% ENSEG:W07:PDF050:0102	source/french_diplomatic/tex/works/GAL1897_W07_NUMBER_THEORY.tex	050	21	translated_aligned	Modern-English segment aligned to the frozen French diplomatic source page; source topology retained.
ENSEG:W07:PDF050:0103	W07	source/english/tex/works/GAL1897_W07_NUMBER_THEORY.tex	% ENSEG:W07:PDF050:0103	source/french_diplomatic/tex/works/GAL1897_W07_NUMBER_THEORY.tex	050	21	translated_aligned	Modern-English segment aligned to the frozen French diplomatic source page; source topology retained.
ENSEG:W07:PDF050:0104	W07	source/english/tex/works/GAL1897_W07_NUMBER_THEORY.tex	% ENSEG:W07:PDF050:0104	source/french_diplomatic/tex/works/GAL1897_W07_NUMBER_THEORY.tex	050	21	translated_aligned	Modern-English segment aligned to the frozen French diplomatic source page; source topology retained.
ENSEG:W07:PDF050:0105	W07	source/english/tex/works/GAL1897_W07_NUMBER_THEORY.tex	% ENSEG:W07:PDF050:0105	source/french_diplomatic/tex/works/GAL1897_W07_NUMBER_THEORY.tex	050	21	translated_aligned	Modern-English segment aligned to the frozen French diplomatic source page; source topology retained.
ENSEG:W07:PDF050:0106	W07	source/english/tex/works/GAL1897_W07_NUMBER_THEORY.tex	% ENSEG:W07:PDF050:0106	source/french_diplomatic/tex/works/GAL1897_W07_NUMBER_THEORY.tex	050	21	translated_aligned	Modern-English segment aligned to the frozen French diplomatic source page; source topology retained.
ENSEG:W07:PDF050:0107	W07	source/english/tex/works/GAL1897_W07_NUMBER_THEORY.tex	% ENSEG:W07:PDF050:0107	source/french_diplomatic/tex/works/GAL1897_W07_NUMBER_THEORY.tex	050	21	translated_aligned	Modern-English segment aligned to the frozen French diplomatic source page; source topology retained.
ENSEG:W07:PDF050:0108	W07	source/english/tex/works/GAL1897_W07_NUMBER_THEORY.tex	% ENSEG:W07:PDF050:0108	source/french_diplomatic/tex/works/GAL1897_W07_NUMBER_THEORY.tex	050	21	translated_aligned	Modern-English segment aligned to the frozen French diplomatic source page; source topology retained.
ENSEG:W07:PDF050:0109	W07	source/english/tex/works/GAL1897_W07_NUMBER_THEORY.tex	% ENSEG:W07:PDF050:0109	source/french_diplomatic/tex/works/GAL1897_W07_NUMBER_THEORY.tex	050	21	translated_aligned	Modern-English segment aligned to the frozen French diplomatic source page; source topology retained.
ENSEG:W07:PDF051:0110	W07	source/english/tex/works/GAL1897_W07_NUMBER_THEORY.tex	% ENSEG:W07:PDF051:0110	source/french_diplomatic/tex/works/GAL1897_W07_NUMBER_THEORY.tex	051	22	translated_aligned	Modern-English segment aligned to the frozen French diplomatic source page; source topology retained.
ENSEG:W07:PDF051:0111	W07	source/english/tex/works/GAL1897_W07_NUMBER_THEORY.tex	% ENSEG:W07:PDF051:0111	source/french_diplomatic/tex/works/GAL1897_W07_NUMBER_THEORY.tex	051	22	translated_aligned	Modern-English segment aligned to the frozen French diplomatic source page; source topology retained.
ENSEG:W07:PDF051:0112	W07	source/english/tex/works/GAL1897_W07_NUMBER_THEORY.tex	% ENSEG:W07:PDF051:0112	source/french_diplomatic/tex/works/GAL1897_W07_NUMBER_THEORY.tex	051	22	translated_aligned	Modern-English segment aligned to the frozen French diplomatic source page; source topology retained.
ENSEG:W07:PDF051:0113	W07	source/english/tex/works/GAL1897_W07_NUMBER_THEORY.tex	% ENSEG:W07:PDF051:0113	source/french_diplomatic/tex/works/GAL1897_W07_NUMBER_THEORY.tex	051	22	translated_aligned	Modern-English segment aligned to the frozen French diplomatic source page; source topology retained.
ENSEG:W07:PDF051:0114	W07	source/english/tex/works/GAL1897_W07_NUMBER_THEORY.tex	% ENSEG:W07:PDF051:0114	source/french_diplomatic/tex/works/GAL1897_W07_NUMBER_THEORY.tex	051	22	translated_aligned	Modern-English segment aligned to the frozen French diplomatic source page; source topology retained.
ENSEG:W07:PDF051:0115	W07	source/english/tex/works/GAL1897_W07_NUMBER_THEORY.tex	% ENSEG:W07:PDF051:0115	source/french_diplomatic/tex/works/GAL1897_W07_NUMBER_THEORY.tex	051	22	translated_aligned	Modern-English segment aligned to the frozen French diplomatic source page; source topology retained.
ENSEG:W07:PDF051:0116	W07	source/english/tex/works/GAL1897_W07_NUMBER_THEORY.tex	% ENSEG:W07:PDF051:0116	source/french_diplomatic/tex/works/GAL1897_W07_NUMBER_THEORY.tex	051	22	translated_aligned	Modern-English segment aligned to the frozen French diplomatic source page; source topology retained.
ENSEG:W07:PDF051:0117	W07	source/english/tex/works/GAL1897_W07_NUMBER_THEORY.tex	% ENSEG:W07:PDF051:0117	source/french_diplomatic/tex/works/GAL1897_W07_NUMBER_THEORY.tex	051	22	translated_aligned	Modern-English segment aligned to the frozen French diplomatic source page; source topology retained.
ENSEG:W07:PDF051:0118	W07	source/english/tex/works/GAL1897_W07_NUMBER_THEORY.tex	% ENSEG:W07:PDF051:0118	source/french_diplomatic/tex/works/GAL1897_W07_NUMBER_THEORY.tex	051	22	translated_aligned	Modern-English segment aligned to the frozen French diplomatic source page; source topology retained.
ENSEG:W07:PDF051:0119	W07	source/english/tex/works/GAL1897_W07_NUMBER_THEORY.tex	% ENSEG:W07:PDF051:0119	source/french_diplomatic/tex/works/GAL1897_W07_NUMBER_THEORY.tex	051	22	translated_aligned	Modern-English segment aligned to the frozen French diplomatic source page; source topology retained.
ENSEG:W07:PDF052:0120	W07	source/english/tex/works/GAL1897_W07_NUMBER_THEORY.tex	% ENSEG:W07:PDF052:0120	source/french_diplomatic/tex/works/GAL1897_W07_NUMBER_THEORY.tex	052	23	translated_aligned	Modern-English segment aligned to the frozen French diplomatic source page; source topology retained.
ENSEG:W07:PDF052:0121	W07	source/english/tex/works/GAL1897_W07_NUMBER_THEORY.tex	% ENSEG:W07:PDF052:0121	source/french_diplomatic/tex/works/GAL1897_W07_NUMBER_THEORY.tex	052	23	translated_aligned	Modern-English segment aligned to the frozen French diplomatic source page; source topology retained.
ENSEG:W07:PDF052:0123	W07	source/english/tex/works/GAL1897_W07_NUMBER_THEORY.tex	% ENSEG:W07:PDF052:0123	source/french_diplomatic/tex/works/GAL1897_W07_NUMBER_THEORY.tex	052	23	translated_aligned	Modern-English segment aligned to the frozen French diplomatic source page; source topology retained.
ENSEG:W08:PDF054:0001	W08	source/english/tex/works/GAL1897_W08_CHEVALIER_LETTER.tex	% ENSEG:W08:PDF054:0001	source/french_diplomatic/tex/works/GAL1897_W08_CHEVALIER_LETTER.tex	054	25 (suppressed)	translated_aligned	Modern-English segment aligned to the frozen French diplomatic source page; source topology retained.
ENSEG:W08:PDF054:0002	W08	source/english/tex/works/GAL1897_W08_CHEVALIER_LETTER.tex	% ENSEG:W08:PDF054:0002	source/french_diplomatic/tex/works/GAL1897_W08_CHEVALIER_LETTER.tex	054	25 (suppressed)	translated_aligned	Modern-English segment aligned to the frozen French diplomatic source page; source topology retained.
ENSEG:W08:PDF054:0003	W08	source/english/tex/works/GAL1897_W08_CHEVALIER_LETTER.tex	% ENSEG:W08:PDF054:0003	source/french_diplomatic/tex/works/GAL1897_W08_CHEVALIER_LETTER.tex	054	25 (suppressed)	translated_aligned	Modern-English segment aligned to the frozen French diplomatic source page; source topology retained.
ENSEG:W08:PDF054:0004	W08	source/english/tex/works/GAL1897_W08_CHEVALIER_LETTER.tex	% ENSEG:W08:PDF054:0004	source/french_diplomatic/tex/works/GAL1897_W08_CHEVALIER_LETTER.tex	054	25 (suppressed)	translated_aligned	Modern-English segment aligned to the frozen French diplomatic source page; source topology retained.
ENSEG:W08:PDF054:0005	W08	source/english/tex/works/GAL1897_W08_CHEVALIER_LETTER.tex	% ENSEG:W08:PDF054:0005	source/french_diplomatic/tex/works/GAL1897_W08_CHEVALIER_LETTER.tex	054	25 (suppressed)	translated_aligned	Modern-English segment aligned to the frozen French diplomatic source page; source topology retained.
ENSEG:W08:PDF054:0006	W08	source/english/tex/works/GAL1897_W08_CHEVALIER_LETTER.tex	% ENSEG:W08:PDF054:0006	source/french_diplomatic/tex/works/GAL1897_W08_CHEVALIER_LETTER.tex	054	25 (suppressed)	translated_aligned	Modern-English segment aligned to the frozen French diplomatic source page; source topology retained.
ENSEG:W08:PDF054:0007	W08	source/english/tex/works/GAL1897_W08_CHEVALIER_LETTER.tex	% ENSEG:W08:PDF054:0007	source/french_diplomatic/tex/works/GAL1897_W08_CHEVALIER_LETTER.tex	054	25 (suppressed)	translated_aligned	Modern-English segment aligned to the frozen French diplomatic source page; source topology retained.
ENSEG:W08:PDF054:0008	W08	source/english/tex/works/GAL1897_W08_CHEVALIER_LETTER.tex	% ENSEG:W08:PDF054:0008	source/french_diplomatic/tex/works/GAL1897_W08_CHEVALIER_LETTER.tex	054	25 (suppressed)	translated_aligned	Modern-English segment aligned to the frozen French diplomatic source page; source topology retained.
ENSEG:W08:PDF054:0009	W08	source/english/tex/works/GAL1897_W08_CHEVALIER_LETTER.tex	% ENSEG:W08:PDF054:0009	source/french_diplomatic/tex/works/GAL1897_W08_CHEVALIER_LETTER.tex	054	25 (suppressed)	translated_aligned	Modern-English segment aligned to the frozen French diplomatic source page; source topology retained.
ENSEG:W08:PDF054:0010	W08	source/english/tex/works/GAL1897_W08_CHEVALIER_LETTER.tex	% ENSEG:W08:PDF054:0010	source/french_diplomatic/tex/works/GAL1897_W08_CHEVALIER_LETTER.tex	054	25 (suppressed)	translated_aligned	Modern-English segment aligned to the frozen French diplomatic source page; source topology retained.
ENSEG:W08:PDF054:0011	W08	source/english/tex/works/GAL1897_W08_CHEVALIER_LETTER.tex	% ENSEG:W08:PDF054:0011	source/french_diplomatic/tex/works/GAL1897_W08_CHEVALIER_LETTER.tex	054	25 (suppressed)	translated_aligned	Modern-English segment aligned to the frozen French diplomatic source page; source topology retained.
ENSEG:W08:PDF054:0012	W08	source/english/tex/works/GAL1897_W08_CHEVALIER_LETTER.tex	% ENSEG:W08:PDF054:0012	source/french_diplomatic/tex/works/GAL1897_W08_CHEVALIER_LETTER.tex	054	25 (suppressed)	translated_aligned	Modern-English segment aligned to the frozen French diplomatic source page; source topology retained.
ENSEG:W08:PDF055:0013	W08	source/english/tex/works/GAL1897_W08_CHEVALIER_LETTER.tex	% ENSEG:W08:PDF055:0013	source/french_diplomatic/tex/works/GAL1897_W08_CHEVALIER_LETTER.tex	055	26	translated_aligned	Modern-English segment aligned to the frozen French diplomatic source page; source topology retained.
ENSEG:W08:PDF055:0014	W08	source/english/tex/works/GAL1897_W08_CHEVALIER_LETTER.tex	% ENSEG:W08:PDF055:0014	source/french_diplomatic/tex/works/GAL1897_W08_CHEVALIER_LETTER.tex	055	26	translated_aligned	Modern-English segment aligned to the frozen French diplomatic source page; source topology retained.
ENSEG:W08:PDF055:0015	W08	source/english/tex/works/GAL1897_W08_CHEVALIER_LETTER.tex	% ENSEG:W08:PDF055:0015	source/french_diplomatic/tex/works/GAL1897_W08_CHEVALIER_LETTER.tex	055	26	translated_aligned	Modern-English segment aligned to the frozen French diplomatic source page; source topology retained.
ENSEG:W08:PDF055:0016	W08	source/english/tex/works/GAL1897_W08_CHEVALIER_LETTER.tex	% ENSEG:W08:PDF055:0016	source/french_diplomatic/tex/works/GAL1897_W08_CHEVALIER_LETTER.tex	055	26	translated_aligned	Modern-English segment aligned to the frozen French diplomatic source page; source topology retained.
ENSEG:W08:PDF055:0017	W08	source/english/tex/works/GAL1897_W08_CHEVALIER_LETTER.tex	% ENSEG:W08:PDF055:0017	source/french_diplomatic/tex/works/GAL1897_W08_CHEVALIER_LETTER.tex	055	26	translated_aligned	Modern-English segment aligned to the frozen French diplomatic source page; source topology retained.
ENSEG:W08:PDF055:0018	W08	source/english/tex/works/GAL1897_W08_CHEVALIER_LETTER.tex	% ENSEG:W08:PDF055:0018	source/french_diplomatic/tex/works/GAL1897_W08_CHEVALIER_LETTER.tex	055	26	translated_aligned	Modern-English segment aligned to the frozen French diplomatic source page; source topology retained.
ENSEG:W08:PDF055:0019	W08	source/english/tex/works/GAL1897_W08_CHEVALIER_LETTER.tex	% ENSEG:W08:PDF055:0019	source/french_diplomatic/tex/works/GAL1897_W08_CHEVALIER_LETTER.tex	055	26	translated_aligned	Modern-English segment aligned to the frozen French diplomatic source page; source topology retained.
ENSEG:W08:PDF055:0020	W08	source/english/tex/works/GAL1897_W08_CHEVALIER_LETTER.tex	% ENSEG:W08:PDF055:0020	source/french_diplomatic/tex/works/GAL1897_W08_CHEVALIER_LETTER.tex	055	26	translated_aligned	Modern-English segment aligned to the frozen French diplomatic source page; source topology retained.
ENSEG:W08:PDF055:0021	W08	source/english/tex/works/GAL1897_W08_CHEVALIER_LETTER.tex	% ENSEG:W08:PDF055:0021	source/french_diplomatic/tex/works/GAL1897_W08_CHEVALIER_LETTER.tex	055	26	translated_aligned	Modern-English segment aligned to the frozen French diplomatic source page; source topology retained.
ENSEG:W08:PDF055:0022	W08	source/english/tex/works/GAL1897_W08_CHEVALIER_LETTER.tex	% ENSEG:W08:PDF055:0022	source/french_diplomatic/tex/works/GAL1897_W08_CHEVALIER_LETTER.tex	055	26	translated_aligned	Modern-English segment aligned to the frozen French diplomatic source page; source topology retained.
ENSEG:W08:PDF055:0023	W08	source/english/tex/works/GAL1897_W08_CHEVALIER_LETTER.tex	% ENSEG:W08:PDF055:0023	source/french_diplomatic/tex/works/GAL1897_W08_CHEVALIER_LETTER.tex	055	26	translated_aligned	Modern-English segment aligned to the frozen French diplomatic source page; source topology retained.
ENSEG:W08:PDF055:0024	W08	source/english/tex/works/GAL1897_W08_CHEVALIER_LETTER.tex	% ENSEG:W08:PDF055:0024	source/french_diplomatic/tex/works/GAL1897_W08_CHEVALIER_LETTER.tex	055	26	translated_aligned	Modern-English segment aligned to the frozen French diplomatic source page; source topology retained.
ENSEG:W08:PDF055:0025	W08	source/english/tex/works/GAL1897_W08_CHEVALIER_LETTER.tex	% ENSEG:W08:PDF055:0025	source/french_diplomatic/tex/works/GAL1897_W08_CHEVALIER_LETTER.tex	055	26	translated_aligned	Modern-English segment aligned to the frozen French diplomatic source page; source topology retained.
ENSEG:W08:PDF055:0026	W08	source/english/tex/works/GAL1897_W08_CHEVALIER_LETTER.tex	% ENSEG:W08:PDF055:0026	source/french_diplomatic/tex/works/GAL1897_W08_CHEVALIER_LETTER.tex	055	26	translated_aligned	Modern-English segment aligned to the frozen French diplomatic source page; source topology retained.
ENSEG:W08:PDF056:0027	W08	source/english/tex/works/GAL1897_W08_CHEVALIER_LETTER.tex	% ENSEG:W08:PDF056:0027	source/french_diplomatic/tex/works/GAL1897_W08_CHEVALIER_LETTER.tex	056	27	translated_aligned	Modern-English segment aligned to the frozen French diplomatic source page; source topology retained.
ENSEG:W08:PDF056:0028	W08	source/english/tex/works/GAL1897_W08_CHEVALIER_LETTER.tex	% ENSEG:W08:PDF056:0028	source/french_diplomatic/tex/works/GAL1897_W08_CHEVALIER_LETTER.tex	056	27	translated_aligned	Modern-English segment aligned to the frozen French diplomatic source page; source topology retained.
ENSEG:W08:PDF056:0029	W08	source/english/tex/works/GAL1897_W08_CHEVALIER_LETTER.tex	% ENSEG:W08:PDF056:0029	source/french_diplomatic/tex/works/GAL1897_W08_CHEVALIER_LETTER.tex	056	27	translated_aligned	Modern-English segment aligned to the frozen French diplomatic source page; source topology retained.
ENSEG:W08:PDF056:0125	W08	source/english/tex/works/GAL1897_W08_CHEVALIER_LETTER.tex	% ENSEG:W08:PDF056:0125	source/french_diplomatic/tex/works/GAL1897_W08_CHEVALIER_LETTER.tex	056	27	translated_aligned	Modern-English segment aligned to the frozen French diplomatic source page; source topology retained.
ENSEG:W08:PDF056:0030	W08	source/english/tex/works/GAL1897_W08_CHEVALIER_LETTER.tex	% ENSEG:W08:PDF056:0030	source/french_diplomatic/tex/works/GAL1897_W08_CHEVALIER_LETTER.tex	056	27	translated_aligned	Modern-English segment aligned to the frozen French diplomatic source page; source topology retained.
ENSEG:W08:PDF056:0031	W08	source/english/tex/works/GAL1897_W08_CHEVALIER_LETTER.tex	% ENSEG:W08:PDF056:0031	source/french_diplomatic/tex/works/GAL1897_W08_CHEVALIER_LETTER.tex	056	27	translated_aligned	Modern-English segment aligned to the frozen French diplomatic source page; source topology retained.
ENSEG:W08:PDF056:0032	W08	source/english/tex/works/GAL1897_W08_CHEVALIER_LETTER.tex	% ENSEG:W08:PDF056:0032	source/french_diplomatic/tex/works/GAL1897_W08_CHEVALIER_LETTER.tex	056	27	translated_aligned	Modern-English segment aligned to the frozen French diplomatic source page; source topology retained.
ENSEG:W08:PDF056:0033	W08	source/english/tex/works/GAL1897_W08_CHEVALIER_LETTER.tex	% ENSEG:W08:PDF056:0033	source/french_diplomatic/tex/works/GAL1897_W08_CHEVALIER_LETTER.tex	056	27	translated_aligned	Modern-English segment aligned to the frozen French diplomatic source page; source topology retained.
ENSEG:W08:PDF056:0034	W08	source/english/tex/works/GAL1897_W08_CHEVALIER_LETTER.tex	% ENSEG:W08:PDF056:0034	source/french_diplomatic/tex/works/GAL1897_W08_CHEVALIER_LETTER.tex	056	27	translated_aligned	Modern-English segment aligned to the frozen French diplomatic source page; source topology retained.
ENSEG:W08:PDF056:0035	W08	source/english/tex/works/GAL1897_W08_CHEVALIER_LETTER.tex	% ENSEG:W08:PDF056:0035	source/french_diplomatic/tex/works/GAL1897_W08_CHEVALIER_LETTER.tex	056	27	translated_aligned	Modern-English segment aligned to the frozen French diplomatic source page; source topology retained.
ENSEG:W08:PDF056:0036	W08	source/english/tex/works/GAL1897_W08_CHEVALIER_LETTER.tex	% ENSEG:W08:PDF056:0036	source/french_diplomatic/tex/works/GAL1897_W08_CHEVALIER_LETTER.tex	056	27	translated_aligned	Modern-English segment aligned to the frozen French diplomatic source page; source topology retained.
ENSEG:W08:PDF056:0037	W08	source/english/tex/works/GAL1897_W08_CHEVALIER_LETTER.tex	% ENSEG:W08:PDF056:0037	source/french_diplomatic/tex/works/GAL1897_W08_CHEVALIER_LETTER.tex	056	27	translated_aligned	Modern-English segment aligned to the frozen French diplomatic source page; source topology retained.
ENSEG:W08:PDF056:0038	W08	source/english/tex/works/GAL1897_W08_CHEVALIER_LETTER.tex	% ENSEG:W08:PDF056:0038	source/french_diplomatic/tex/works/GAL1897_W08_CHEVALIER_LETTER.tex	056	27	translated_aligned	Modern-English segment aligned to the frozen French diplomatic source page; source topology retained.
ENSEG:W08:PDF056:0039	W08	source/english/tex/works/GAL1897_W08_CHEVALIER_LETTER.tex	% ENSEG:W08:PDF056:0039	source/french_diplomatic/tex/works/GAL1897_W08_CHEVALIER_LETTER.tex	056	27	translated_aligned	Modern-English segment aligned to the frozen French diplomatic source page; source topology retained.
ENSEG:W08:PDF056:0040	W08	source/english/tex/works/GAL1897_W08_CHEVALIER_LETTER.tex	% ENSEG:W08:PDF056:0040	source/french_diplomatic/tex/works/GAL1897_W08_CHEVALIER_LETTER.tex	056	27	translated_aligned	Modern-English segment aligned to the frozen French diplomatic source page; source topology retained.
ENSEG:W08:PDF056:0041	W08	source/english/tex/works/GAL1897_W08_CHEVALIER_LETTER.tex	% ENSEG:W08:PDF056:0041	source/french_diplomatic/tex/works/GAL1897_W08_CHEVALIER_LETTER.tex	056	27	translated_aligned	Modern-English segment aligned to the frozen French diplomatic source page; source topology retained.
ENSEG:W08:PDF056:0042	W08	source/english/tex/works/GAL1897_W08_CHEVALIER_LETTER.tex	% ENSEG:W08:PDF056:0042	source/french_diplomatic/tex/works/GAL1897_W08_CHEVALIER_LETTER.tex	056	27	translated_aligned	Modern-English segment aligned to the frozen French diplomatic source page; source topology retained.
ENSEG:W08:PDF057:0043	W08	source/english/tex/works/GAL1897_W08_CHEVALIER_LETTER.tex	% ENSEG:W08:PDF057:0043	source/french_diplomatic/tex/works/GAL1897_W08_CHEVALIER_LETTER.tex	057	28	translated_aligned	Modern-English segment aligned to the frozen French diplomatic source page; source topology retained.
ENSEG:W08:PDF057:0044	W08	source/english/tex/works/GAL1897_W08_CHEVALIER_LETTER.tex	% ENSEG:W08:PDF057:0044	source/french_diplomatic/tex/works/GAL1897_W08_CHEVALIER_LETTER.tex	057	28	translated_aligned	Modern-English segment aligned to the frozen French diplomatic source page; source topology retained.
ENSEG:W08:PDF057:0045	W08	source/english/tex/works/GAL1897_W08_CHEVALIER_LETTER.tex	% ENSEG:W08:PDF057:0045	source/french_diplomatic/tex/works/GAL1897_W08_CHEVALIER_LETTER.tex	057	28	translated_aligned	Modern-English segment aligned to the frozen French diplomatic source page; source topology retained.
ENSEG:W08:PDF057:0046	W08	source/english/tex/works/GAL1897_W08_CHEVALIER_LETTER.tex	% ENSEG:W08:PDF057:0046	source/french_diplomatic/tex/works/GAL1897_W08_CHEVALIER_LETTER.tex	057	28	translated_aligned	Modern-English segment aligned to the frozen French diplomatic source page; source topology retained.
ENSEG:W08:PDF057:0047	W08	source/english/tex/works/GAL1897_W08_CHEVALIER_LETTER.tex	% ENSEG:W08:PDF057:0047	source/french_diplomatic/tex/works/GAL1897_W08_CHEVALIER_LETTER.tex	057	28	translated_aligned	Modern-English segment aligned to the frozen French diplomatic source page; source topology retained.
ENSEG:W08:PDF057:0048	W08	source/english/tex/works/GAL1897_W08_CHEVALIER_LETTER.tex	% ENSEG:W08:PDF057:0048	source/french_diplomatic/tex/works/GAL1897_W08_CHEVALIER_LETTER.tex	057	28	translated_aligned	Modern-English segment aligned to the frozen French diplomatic source page; source topology retained.
ENSEG:W08:PDF057:0049	W08	source/english/tex/works/GAL1897_W08_CHEVALIER_LETTER.tex	% ENSEG:W08:PDF057:0049	source/french_diplomatic/tex/works/GAL1897_W08_CHEVALIER_LETTER.tex	057	28	translated_aligned	Modern-English segment aligned to the frozen French diplomatic source page; source topology retained.
ENSEG:W08:PDF057:0050	W08	source/english/tex/works/GAL1897_W08_CHEVALIER_LETTER.tex	% ENSEG:W08:PDF057:0050	source/french_diplomatic/tex/works/GAL1897_W08_CHEVALIER_LETTER.tex	057	28	translated_aligned	Modern-English segment aligned to the frozen French diplomatic source page; source topology retained.
ENSEG:W08:PDF057:0051	W08	source/english/tex/works/GAL1897_W08_CHEVALIER_LETTER.tex	% ENSEG:W08:PDF057:0051	source/french_diplomatic/tex/works/GAL1897_W08_CHEVALIER_LETTER.tex	057	28	translated_aligned	Modern-English segment aligned to the frozen French diplomatic source page; source topology retained.
ENSEG:W08:PDF057:0052	W08	source/english/tex/works/GAL1897_W08_CHEVALIER_LETTER.tex	% ENSEG:W08:PDF057:0052	source/french_diplomatic/tex/works/GAL1897_W08_CHEVALIER_LETTER.tex	057	28	translated_aligned	Modern-English segment aligned to the frozen French diplomatic source page; source topology retained.
ENSEG:W08:PDF057:0053	W08	source/english/tex/works/GAL1897_W08_CHEVALIER_LETTER.tex	% ENSEG:W08:PDF057:0053	source/french_diplomatic/tex/works/GAL1897_W08_CHEVALIER_LETTER.tex	057	28	translated_aligned	Modern-English segment aligned to the frozen French diplomatic source page; source topology retained.
ENSEG:W08:PDF057:0054	W08	source/english/tex/works/GAL1897_W08_CHEVALIER_LETTER.tex	% ENSEG:W08:PDF057:0054	source/french_diplomatic/tex/works/GAL1897_W08_CHEVALIER_LETTER.tex	057	28	translated_aligned	Modern-English segment aligned to the frozen French diplomatic source page; source topology retained.
ENSEG:W08:PDF057:0055	W08	source/english/tex/works/GAL1897_W08_CHEVALIER_LETTER.tex	% ENSEG:W08:PDF057:0055	source/french_diplomatic/tex/works/GAL1897_W08_CHEVALIER_LETTER.tex	057	28	translated_aligned	Modern-English segment aligned to the frozen French diplomatic source page; source topology retained.
ENSEG:W08:PDF057:0056	W08	source/english/tex/works/GAL1897_W08_CHEVALIER_LETTER.tex	% ENSEG:W08:PDF057:0056	source/french_diplomatic/tex/works/GAL1897_W08_CHEVALIER_LETTER.tex	057	28	translated_aligned	Modern-English segment aligned to the frozen French diplomatic source page; source topology retained.
ENSEG:W08:PDF057:0057	W08	source/english/tex/works/GAL1897_W08_CHEVALIER_LETTER.tex	% ENSEG:W08:PDF057:0057	source/french_diplomatic/tex/works/GAL1897_W08_CHEVALIER_LETTER.tex	057	28	translated_aligned	Modern-English segment aligned to the frozen French diplomatic source page; source topology retained.
ENSEG:W08:PDF057:0058	W08	source/english/tex/works/GAL1897_W08_CHEVALIER_LETTER.tex	% ENSEG:W08:PDF057:0058	source/french_diplomatic/tex/works/GAL1897_W08_CHEVALIER_LETTER.tex	057	28	translated_aligned	Modern-English segment aligned to the frozen French diplomatic source page; source topology retained.
ENSEG:W08:PDF057:0059	W08	source/english/tex/works/GAL1897_W08_CHEVALIER_LETTER.tex	% ENSEG:W08:PDF057:0059	source/french_diplomatic/tex/works/GAL1897_W08_CHEVALIER_LETTER.tex	057	28	translated_aligned	Modern-English segment aligned to the frozen French diplomatic source page; source topology retained.
ENSEG:W08:PDF057:0060	W08	source/english/tex/works/GAL1897_W08_CHEVALIER_LETTER.tex	% ENSEG:W08:PDF057:0060	source/french_diplomatic/tex/works/GAL1897_W08_CHEVALIER_LETTER.tex	057	28	translated_aligned	Modern-English segment aligned to the frozen French diplomatic source page; source topology retained.
ENSEG:W08:PDF057:0061	W08	source/english/tex/works/GAL1897_W08_CHEVALIER_LETTER.tex	% ENSEG:W08:PDF057:0061	source/french_diplomatic/tex/works/GAL1897_W08_CHEVALIER_LETTER.tex	057	28	translated_aligned	Modern-English segment aligned to the frozen French diplomatic source page; source topology retained.
ENSEG:W08:PDF058:0062	W08	source/english/tex/works/GAL1897_W08_CHEVALIER_LETTER.tex	% ENSEG:W08:PDF058:0062	source/french_diplomatic/tex/works/GAL1897_W08_CHEVALIER_LETTER.tex	058	29	translated_aligned	Modern-English segment aligned to the frozen French diplomatic source page; source topology retained.
ENSEG:W08:PDF058:0063	W08	source/english/tex/works/GAL1897_W08_CHEVALIER_LETTER.tex	% ENSEG:W08:PDF058:0063	source/french_diplomatic/tex/works/GAL1897_W08_CHEVALIER_LETTER.tex	058	29	translated_aligned	Modern-English segment aligned to the frozen French diplomatic source page; source topology retained.
ENSEG:W08:PDF058:0064	W08	source/english/tex/works/GAL1897_W08_CHEVALIER_LETTER.tex	% ENSEG:W08:PDF058:0064	source/french_diplomatic/tex/works/GAL1897_W08_CHEVALIER_LETTER.tex	058	29	translated_aligned	Modern-English segment aligned to the frozen French diplomatic source page; source topology retained.
ENSEG:W08:PDF058:0065	W08	source/english/tex/works/GAL1897_W08_CHEVALIER_LETTER.tex	% ENSEG:W08:PDF058:0065	source/french_diplomatic/tex/works/GAL1897_W08_CHEVALIER_LETTER.tex	058	29	translated_aligned	Modern-English segment aligned to the frozen French diplomatic source page; source topology retained.
ENSEG:W08:PDF058:0066	W08	source/english/tex/works/GAL1897_W08_CHEVALIER_LETTER.tex	% ENSEG:W08:PDF058:0066	source/french_diplomatic/tex/works/GAL1897_W08_CHEVALIER_LETTER.tex	058	29	translated_aligned	Modern-English segment aligned to the frozen French diplomatic source page; source topology retained.
ENSEG:W08:PDF058:0067	W08	source/english/tex/works/GAL1897_W08_CHEVALIER_LETTER.tex	% ENSEG:W08:PDF058:0067	source/french_diplomatic/tex/works/GAL1897_W08_CHEVALIER_LETTER.tex	058	29	translated_aligned	Modern-English segment aligned to the frozen French diplomatic source page; source topology retained.
ENSEG:W08:PDF058:0068	W08	source/english/tex/works/GAL1897_W08_CHEVALIER_LETTER.tex	% ENSEG:W08:PDF058:0068	source/french_diplomatic/tex/works/GAL1897_W08_CHEVALIER_LETTER.tex	058	29	translated_aligned	Modern-English segment aligned to the frozen French diplomatic source page; source topology retained.
ENSEG:W08:PDF058:0069	W08	source/english/tex/works/GAL1897_W08_CHEVALIER_LETTER.tex	% ENSEG:W08:PDF058:0069	source/french_diplomatic/tex/works/GAL1897_W08_CHEVALIER_LETTER.tex	058	29	translated_aligned	Modern-English segment aligned to the frozen French diplomatic source page; source topology retained.
ENSEG:W08:PDF058:0070	W08	source/english/tex/works/GAL1897_W08_CHEVALIER_LETTER.tex	% ENSEG:W08:PDF058:0070	source/french_diplomatic/tex/works/GAL1897_W08_CHEVALIER_LETTER.tex	058	29	translated_aligned	Modern-English segment aligned to the frozen French diplomatic source page; source topology retained.
ENSEG:W08:PDF058:0071	W08	source/english/tex/works/GAL1897_W08_CHEVALIER_LETTER.tex	% ENSEG:W08:PDF058:0071	source/french_diplomatic/tex/works/GAL1897_W08_CHEVALIER_LETTER.tex	058	29	translated_aligned	Modern-English segment aligned to the frozen French diplomatic source page; source topology retained.
ENSEG:W08:PDF058:0072	W08	source/english/tex/works/GAL1897_W08_CHEVALIER_LETTER.tex	% ENSEG:W08:PDF058:0072	source/french_diplomatic/tex/works/GAL1897_W08_CHEVALIER_LETTER.tex	058	29	translated_aligned	Modern-English segment aligned to the frozen French diplomatic source page; source topology retained.
ENSEG:W08:PDF058:0073	W08	source/english/tex/works/GAL1897_W08_CHEVALIER_LETTER.tex	% ENSEG:W08:PDF058:0073	source/french_diplomatic/tex/works/GAL1897_W08_CHEVALIER_LETTER.tex	058	29	translated_aligned	Modern-English segment aligned to the frozen French diplomatic source page; source topology retained.
ENSEG:W08:PDF058:0074	W08	source/english/tex/works/GAL1897_W08_CHEVALIER_LETTER.tex	% ENSEG:W08:PDF058:0074	source/french_diplomatic/tex/works/GAL1897_W08_CHEVALIER_LETTER.tex	058	29	translated_aligned	Modern-English segment aligned to the frozen French diplomatic source page; source topology retained.
ENSEG:W08:PDF058:0075	W08	source/english/tex/works/GAL1897_W08_CHEVALIER_LETTER.tex	% ENSEG:W08:PDF058:0075	source/french_diplomatic/tex/works/GAL1897_W08_CHEVALIER_LETTER.tex	058	29	translated_aligned	Modern-English segment aligned to the frozen French diplomatic source page; source topology retained.
ENSEG:W08:PDF058:0076	W08	source/english/tex/works/GAL1897_W08_CHEVALIER_LETTER.tex	% ENSEG:W08:PDF058:0076	source/french_diplomatic/tex/works/GAL1897_W08_CHEVALIER_LETTER.tex	058	29	translated_aligned	Modern-English segment aligned to the frozen French diplomatic source page; source topology retained.
ENSEG:W08:PDF058:0077	W08	source/english/tex/works/GAL1897_W08_CHEVALIER_LETTER.tex	% ENSEG:W08:PDF058:0077	source/french_diplomatic/tex/works/GAL1897_W08_CHEVALIER_LETTER.tex	058	29	translated_aligned	Modern-English segment aligned to the frozen French diplomatic source page; source topology retained.
ENSEG:W08:PDF058:0078	W08	source/english/tex/works/GAL1897_W08_CHEVALIER_LETTER.tex	% ENSEG:W08:PDF058:0078	source/french_diplomatic/tex/works/GAL1897_W08_CHEVALIER_LETTER.tex	058	29	translated_aligned	Modern-English segment aligned to the frozen French diplomatic source page; source topology retained.
ENSEG:W08:PDF058:0079	W08	source/english/tex/works/GAL1897_W08_CHEVALIER_LETTER.tex	% ENSEG:W08:PDF058:0079	source/french_diplomatic/tex/works/GAL1897_W08_CHEVALIER_LETTER.tex	058	29	translated_aligned	Modern-English segment aligned to the frozen French diplomatic source page; source topology retained.
ENSEG:W08:PDF058:0080	W08	source/english/tex/works/GAL1897_W08_CHEVALIER_LETTER.tex	% ENSEG:W08:PDF058:0080	source/french_diplomatic/tex/works/GAL1897_W08_CHEVALIER_LETTER.tex	058	29	translated_aligned	Modern-English segment aligned to the frozen French diplomatic source page; source topology retained.
ENSEG:W08:PDF058:0081	W08	source/english/tex/works/GAL1897_W08_CHEVALIER_LETTER.tex	% ENSEG:W08:PDF058:0081	source/french_diplomatic/tex/works/GAL1897_W08_CHEVALIER_LETTER.tex	058	29	translated_aligned	Modern-English segment aligned to the frozen French diplomatic source page; source topology retained.
ENSEG:W08:PDF058:0082	W08	source/english/tex/works/GAL1897_W08_CHEVALIER_LETTER.tex	% ENSEG:W08:PDF058:0082	source/french_diplomatic/tex/works/GAL1897_W08_CHEVALIER_LETTER.tex	058	29	translated_aligned	Modern-English segment aligned to the frozen French diplomatic source page; source topology retained.
ENSEG:W08:PDF058:0083	W08	source/english/tex/works/GAL1897_W08_CHEVALIER_LETTER.tex	% ENSEG:W08:PDF058:0083	source/french_diplomatic/tex/works/GAL1897_W08_CHEVALIER_LETTER.tex	058	29	translated_aligned	Modern-English segment aligned to the frozen French diplomatic source page; source topology retained.
ENSEG:W08:PDF059:0084	W08	source/english/tex/works/GAL1897_W08_CHEVALIER_LETTER.tex	% ENSEG:W08:PDF059:0084	source/french_diplomatic/tex/works/GAL1897_W08_CHEVALIER_LETTER.tex	059	30	translated_aligned	Modern-English segment aligned to the frozen French diplomatic source page; source topology retained.
ENSEG:W08:PDF059:0085	W08	source/english/tex/works/GAL1897_W08_CHEVALIER_LETTER.tex	% ENSEG:W08:PDF059:0085	source/french_diplomatic/tex/works/GAL1897_W08_CHEVALIER_LETTER.tex	059	30	translated_aligned	Modern-English segment aligned to the frozen French diplomatic source page; source topology retained.
ENSEG:W08:PDF059:0086	W08	source/english/tex/works/GAL1897_W08_CHEVALIER_LETTER.tex	% ENSEG:W08:PDF059:0086	source/french_diplomatic/tex/works/GAL1897_W08_CHEVALIER_LETTER.tex	059	30	translated_aligned	Modern-English segment aligned to the frozen French diplomatic source page; source topology retained.
ENSEG:W08:PDF059:0087	W08	source/english/tex/works/GAL1897_W08_CHEVALIER_LETTER.tex	% ENSEG:W08:PDF059:0087	source/french_diplomatic/tex/works/GAL1897_W08_CHEVALIER_LETTER.tex	059	30	translated_aligned	Modern-English segment aligned to the frozen French diplomatic source page; source topology retained.
ENSEG:W08:PDF059:0088	W08	source/english/tex/works/GAL1897_W08_CHEVALIER_LETTER.tex	% ENSEG:W08:PDF059:0088	source/french_diplomatic/tex/works/GAL1897_W08_CHEVALIER_LETTER.tex	059	30	translated_aligned	Modern-English segment aligned to the frozen French diplomatic source page; source topology retained.
ENSEG:W08:PDF059:0089	W08	source/english/tex/works/GAL1897_W08_CHEVALIER_LETTER.tex	% ENSEG:W08:PDF059:0089	source/french_diplomatic/tex/works/GAL1897_W08_CHEVALIER_LETTER.tex	059	30	translated_aligned	Modern-English segment aligned to the frozen French diplomatic source page; source topology retained.
ENSEG:W08:PDF059:0090	W08	source/english/tex/works/GAL1897_W08_CHEVALIER_LETTER.tex	% ENSEG:W08:PDF059:0090	source/french_diplomatic/tex/works/GAL1897_W08_CHEVALIER_LETTER.tex	059	30	translated_aligned	Modern-English segment aligned to the frozen French diplomatic source page; source topology retained.
ENSEG:W08:PDF059:0091	W08	source/english/tex/works/GAL1897_W08_CHEVALIER_LETTER.tex	% ENSEG:W08:PDF059:0091	source/french_diplomatic/tex/works/GAL1897_W08_CHEVALIER_LETTER.tex	059	30	translated_aligned	Modern-English segment aligned to the frozen French diplomatic source page; source topology retained.
ENSEG:W08:PDF059:0092	W08	source/english/tex/works/GAL1897_W08_CHEVALIER_LETTER.tex	% ENSEG:W08:PDF059:0092	source/french_diplomatic/tex/works/GAL1897_W08_CHEVALIER_LETTER.tex	059	30	translated_aligned	Modern-English segment aligned to the frozen French diplomatic source page; source topology retained.
ENSEG:W08:PDF059:0093	W08	source/english/tex/works/GAL1897_W08_CHEVALIER_LETTER.tex	% ENSEG:W08:PDF059:0093	source/french_diplomatic/tex/works/GAL1897_W08_CHEVALIER_LETTER.tex	059	30	translated_aligned	Modern-English segment aligned to the frozen French diplomatic source page; source topology retained.
ENSEG:W08:PDF059:0094	W08	source/english/tex/works/GAL1897_W08_CHEVALIER_LETTER.tex	% ENSEG:W08:PDF059:0094	source/french_diplomatic/tex/works/GAL1897_W08_CHEVALIER_LETTER.tex	059	30	translated_aligned	Modern-English segment aligned to the frozen French diplomatic source page; source topology retained.
ENSEG:W08:PDF059:0095	W08	source/english/tex/works/GAL1897_W08_CHEVALIER_LETTER.tex	% ENSEG:W08:PDF059:0095	source/french_diplomatic/tex/works/GAL1897_W08_CHEVALIER_LETTER.tex	059	30	translated_aligned	Modern-English segment aligned to the frozen French diplomatic source page; source topology retained.
ENSEG:W08:PDF059:0096	W08	source/english/tex/works/GAL1897_W08_CHEVALIER_LETTER.tex	% ENSEG:W08:PDF059:0096	source/french_diplomatic/tex/works/GAL1897_W08_CHEVALIER_LETTER.tex	059	30	translated_aligned	Modern-English segment aligned to the frozen French diplomatic source page; source topology retained.
ENSEG:W08:PDF059:0097	W08	source/english/tex/works/GAL1897_W08_CHEVALIER_LETTER.tex	% ENSEG:W08:PDF059:0097	source/french_diplomatic/tex/works/GAL1897_W08_CHEVALIER_LETTER.tex	059	30	translated_aligned	Modern-English segment aligned to the frozen French diplomatic source page; source topology retained.
ENSEG:W08:PDF059:0098	W08	source/english/tex/works/GAL1897_W08_CHEVALIER_LETTER.tex	% ENSEG:W08:PDF059:0098	source/french_diplomatic/tex/works/GAL1897_W08_CHEVALIER_LETTER.tex	059	30	translated_aligned	Modern-English segment aligned to the frozen French diplomatic source page; source topology retained.
ENSEG:W08:PDF059:0099	W08	source/english/tex/works/GAL1897_W08_CHEVALIER_LETTER.tex	% ENSEG:W08:PDF059:0099	source/french_diplomatic/tex/works/GAL1897_W08_CHEVALIER_LETTER.tex	059	30	translated_aligned	Modern-English segment aligned to the frozen French diplomatic source page; source topology retained.
ENSEG:W08:PDF059:0100	W08	source/english/tex/works/GAL1897_W08_CHEVALIER_LETTER.tex	% ENSEG:W08:PDF059:0100	source/french_diplomatic/tex/works/GAL1897_W08_CHEVALIER_LETTER.tex	059	30	translated_aligned	Modern-English segment aligned to the frozen French diplomatic source page; source topology retained.
ENSEG:W08:PDF059:0101	W08	source/english/tex/works/GAL1897_W08_CHEVALIER_LETTER.tex	% ENSEG:W08:PDF059:0101	source/french_diplomatic/tex/works/GAL1897_W08_CHEVALIER_LETTER.tex	059	30	translated_aligned	Modern-English segment aligned to the frozen French diplomatic source page; source topology retained.
ENSEG:W08:PDF059:0102	W08	source/english/tex/works/GAL1897_W08_CHEVALIER_LETTER.tex	% ENSEG:W08:PDF059:0102	source/french_diplomatic/tex/works/GAL1897_W08_CHEVALIER_LETTER.tex	059	30	translated_aligned	Modern-English segment aligned to the frozen French diplomatic source page; source topology retained.
ENSEG:W08:PDF060:0103	W08	source/english/tex/works/GAL1897_W08_CHEVALIER_LETTER.tex	% ENSEG:W08:PDF060:0103	source/french_diplomatic/tex/works/GAL1897_W08_CHEVALIER_LETTER.tex	060	31	translated_aligned	Modern-English segment aligned to the frozen French diplomatic source page; source topology retained.
ENSEG:W08:PDF060:0104	W08	source/english/tex/works/GAL1897_W08_CHEVALIER_LETTER.tex	% ENSEG:W08:PDF060:0104	source/french_diplomatic/tex/works/GAL1897_W08_CHEVALIER_LETTER.tex	060	31	translated_aligned	Modern-English segment aligned to the frozen French diplomatic source page; source topology retained.
ENSEG:W08:PDF060:0105	W08	source/english/tex/works/GAL1897_W08_CHEVALIER_LETTER.tex	% ENSEG:W08:PDF060:0105	source/french_diplomatic/tex/works/GAL1897_W08_CHEVALIER_LETTER.tex	060	31	translated_aligned	Modern-English segment aligned to the frozen French diplomatic source page; source topology retained.
ENSEG:W08:PDF060:0106	W08	source/english/tex/works/GAL1897_W08_CHEVALIER_LETTER.tex	% ENSEG:W08:PDF060:0106	source/french_diplomatic/tex/works/GAL1897_W08_CHEVALIER_LETTER.tex	060	31	translated_aligned	Modern-English segment aligned to the frozen French diplomatic source page; source topology retained.
ENSEG:W08:PDF060:0107	W08	source/english/tex/works/GAL1897_W08_CHEVALIER_LETTER.tex	% ENSEG:W08:PDF060:0107	source/french_diplomatic/tex/works/GAL1897_W08_CHEVALIER_LETTER.tex	060	31	translated_aligned	Modern-English segment aligned to the frozen French diplomatic source page; source topology retained.
ENSEG:W08:PDF060:0108	W08	source/english/tex/works/GAL1897_W08_CHEVALIER_LETTER.tex	% ENSEG:W08:PDF060:0108	source/french_diplomatic/tex/works/GAL1897_W08_CHEVALIER_LETTER.tex	060	31	translated_aligned	Modern-English segment aligned to the frozen French diplomatic source page; source topology retained.
ENSEG:W08:PDF060:0109	W08	source/english/tex/works/GAL1897_W08_CHEVALIER_LETTER.tex	% ENSEG:W08:PDF060:0109	source/french_diplomatic/tex/works/GAL1897_W08_CHEVALIER_LETTER.tex	060	31	translated_aligned	Modern-English segment aligned to the frozen French diplomatic source page; source topology retained.
ENSEG:W08:PDF060:0110	W08	source/english/tex/works/GAL1897_W08_CHEVALIER_LETTER.tex	% ENSEG:W08:PDF060:0110	source/french_diplomatic/tex/works/GAL1897_W08_CHEVALIER_LETTER.tex	060	31	translated_aligned	Modern-English segment aligned to the frozen French diplomatic source page; source topology retained.
ENSEG:W08:PDF060:0111	W08	source/english/tex/works/GAL1897_W08_CHEVALIER_LETTER.tex	% ENSEG:W08:PDF060:0111	source/french_diplomatic/tex/works/GAL1897_W08_CHEVALIER_LETTER.tex	060	31	translated_aligned	Modern-English segment aligned to the frozen French diplomatic source page; source topology retained.
ENSEG:W08:PDF060:0112	W08	source/english/tex/works/GAL1897_W08_CHEVALIER_LETTER.tex	% ENSEG:W08:PDF060:0112	source/french_diplomatic/tex/works/GAL1897_W08_CHEVALIER_LETTER.tex	060	31	translated_aligned	Modern-English segment aligned to the frozen French diplomatic source page; source topology retained.
ENSEG:W08:PDF060:0113	W08	source/english/tex/works/GAL1897_W08_CHEVALIER_LETTER.tex	% ENSEG:W08:PDF060:0113	source/french_diplomatic/tex/works/GAL1897_W08_CHEVALIER_LETTER.tex	060	31	translated_aligned	Modern-English segment aligned to the frozen French diplomatic source page; source topology retained.
ENSEG:W08:PDF060:0114	W08	source/english/tex/works/GAL1897_W08_CHEVALIER_LETTER.tex	% ENSEG:W08:PDF060:0114	source/french_diplomatic/tex/works/GAL1897_W08_CHEVALIER_LETTER.tex	060	31	translated_aligned	Modern-English segment aligned to the frozen French diplomatic source page; source topology retained.
ENSEG:W08:PDF060:0115	W08	source/english/tex/works/GAL1897_W08_CHEVALIER_LETTER.tex	% ENSEG:W08:PDF060:0115	source/french_diplomatic/tex/works/GAL1897_W08_CHEVALIER_LETTER.tex	060	31	translated_aligned	Modern-English segment aligned to the frozen French diplomatic source page; source topology retained.
ENSEG:W08:PDF061:0116	W08	source/english/tex/works/GAL1897_W08_CHEVALIER_LETTER.tex	% ENSEG:W08:PDF061:0116	source/french_diplomatic/tex/works/GAL1897_W08_CHEVALIER_LETTER.tex	061	32	translated_aligned	Modern-English segment aligned to the frozen French diplomatic source page; source topology retained.
ENSEG:W08:PDF061:0117	W08	source/english/tex/works/GAL1897_W08_CHEVALIER_LETTER.tex	% ENSEG:W08:PDF061:0117	source/french_diplomatic/tex/works/GAL1897_W08_CHEVALIER_LETTER.tex	061	32	translated_aligned	Modern-English segment aligned to the frozen French diplomatic source page; source topology retained.
ENSEG:W08:PDF061:0118	W08	source/english/tex/works/GAL1897_W08_CHEVALIER_LETTER.tex	% ENSEG:W08:PDF061:0118	source/french_diplomatic/tex/works/GAL1897_W08_CHEVALIER_LETTER.tex	061	32	translated_aligned	Modern-English segment aligned to the frozen French diplomatic source page; source topology retained.
ENSEG:W08:PDF061:0119	W08	source/english/tex/works/GAL1897_W08_CHEVALIER_LETTER.tex	% ENSEG:W08:PDF061:0119	source/french_diplomatic/tex/works/GAL1897_W08_CHEVALIER_LETTER.tex	061	32	translated_aligned	Modern-English segment aligned to the frozen French diplomatic source page; source topology retained.
ENSEG:W08:PDF061:0120	W08	source/english/tex/works/GAL1897_W08_CHEVALIER_LETTER.tex	% ENSEG:W08:PDF061:0120	source/french_diplomatic/tex/works/GAL1897_W08_CHEVALIER_LETTER.tex	061	32	translated_aligned	Modern-English segment aligned to the frozen French diplomatic source page; source topology retained.
ENSEG:W08:PDF061:0121	W08	source/english/tex/works/GAL1897_W08_CHEVALIER_LETTER.tex	% ENSEG:W08:PDF061:0121	source/french_diplomatic/tex/works/GAL1897_W08_CHEVALIER_LETTER.tex	061	32	translated_aligned	Modern-English segment aligned to the frozen French diplomatic source page; source topology retained.
ENSEG:W08:PDF061:0122	W08	source/english/tex/works/GAL1897_W08_CHEVALIER_LETTER.tex	% ENSEG:W08:PDF061:0122	source/french_diplomatic/tex/works/GAL1897_W08_CHEVALIER_LETTER.tex	061	32	translated_aligned	Modern-English segment aligned to the frozen French diplomatic source page; source topology retained.
ENSEG:W08:PDF061:0123	W08	source/english/tex/works/GAL1897_W08_CHEVALIER_LETTER.tex	% ENSEG:W08:PDF061:0123	source/french_diplomatic/tex/works/GAL1897_W08_CHEVALIER_LETTER.tex	061	32	translated_aligned	Modern-English segment aligned to the frozen French diplomatic source page; source topology retained.
ENSEG:W08:PDF061:0124	W08	source/english/tex/works/GAL1897_W08_CHEVALIER_LETTER.tex	% ENSEG:W08:PDF061:0124	source/french_diplomatic/tex/works/GAL1897_W08_CHEVALIER_LETTER.tex	061	32	translated_aligned	Modern-English segment aligned to the frozen French diplomatic source page; source topology retained.
